{"tilemap": {"13;9": {"type": "grass", "variant": 1, "pos": [13, 9]}, "14;9": {"type": "grass", "variant": 1, "pos": [14, 9]}, "15;9": {"type": "grass", "variant": 1, "pos": [15, 9]}, "16;9": {"type": "grass", "variant": 1, "pos": [16, 9]}, "17;9": {"type": "grass", "variant": 1, "pos": [17, 9]}, "18;9": {"type": "grass", "variant": 2, "pos": [18, 9]}, "16;10": {"type": "grass", "variant": 8, "pos": [16, 10]}, "15;10": {"type": "grass", "variant": 8, "pos": [15, 10]}, "14;10": {"type": "grass", "variant": 8, "pos": [14, 10]}, "13;10": {"type": "grass", "variant": 8, "pos": [13, 10]}, "17;10": {"type": "grass", "variant": 8, "pos": [17, 10]}, "18;10": {"type": "grass", "variant": 8, "pos": [18, 10]}, "19;10": {"type": "grass", "variant": 1, "pos": [19, 10]}, "17;11": {"type": "grass", "variant": 8, "pos": [17, 11]}, "16;11": {"type": "grass", "variant": 8, "pos": [16, 11]}, "15;11": {"type": "grass", "variant": 8, "pos": [15, 11]}, "14;11": {"type": "grass", "variant": 8, "pos": [14, 11]}, "13;11": {"type": "grass", "variant": 8, "pos": [13, 11]}, "12;10": {"type": "grass", "variant": 8, "pos": [12, 10]}, "11;10": {"type": "grass", "variant": 8, "pos": [11, 10]}, "12;11": {"type": "grass", "variant": 8, "pos": [12, 11]}, "11;11": {"type": "grass", "variant": 8, "pos": [11, 11]}, "20;10": {"type": "grass", "variant": 1, "pos": [20, 10]}, "21;10": {"type": "grass", "variant": 2, "pos": [21, 10]}, "10;10": {"type": "grass", "variant": 8, "pos": [10, 10]}, "10;11": {"type": "grass", "variant": 8, "pos": [10, 11]}, "9;11": {"type": "grass", "variant": 8, "pos": [9, 11]}, "8;11": {"type": "grass", "variant": 8, "pos": [8, 11]}, "7;11": {"type": "grass", "variant": 8, "pos": [7, 11]}, "6;11": {"type": "grass", "variant": 8, "pos": [6, 11]}, "18;11": {"type": "grass", "variant": 8, "pos": [18, 11]}, "19;11": {"type": "grass", "variant": 8, "pos": [19, 11]}, "20;11": {"type": "grass", "variant": 8, "pos": [20, 11]}, "21;11": {"type": "grass", "variant": 8, "pos": [21, 11]}, "22;11": {"type": "grass", "variant": 1, "pos": [22, 11]}, "23;11": {"type": "grass", "variant": 1, "pos": [23, 11]}, "24;11": {"type": "grass", "variant": 1, "pos": [24, 11]}, "25;11": {"type": "grass", "variant": 2, "pos": [25, 11]}, "28;12": {"type": "grass", "variant": 1, "pos": [28, 12]}, "27;12": {"type": "grass", "variant": 1, "pos": [27, 12]}, "26;12": {"type": "grass", "variant": 1, "pos": [26, 12]}, "25;12": {"type": "grass", "variant": 8, "pos": [25, 12]}, "24;12": {"type": "grass", "variant": 8, "pos": [24, 12]}, "23;12": {"type": "grass", "variant": 5, "pos": [23, 12]}, "22;12": {"type": "grass", "variant": 5, "pos": [22, 12]}, "21;12": {"type": "grass", "variant": 5, "pos": [21, 12]}, "20;12": {"type": "grass", "variant": 5, "pos": [20, 12]}, "19;12": {"type": "grass", "variant": 5, "pos": [19, 12]}, "18;12": {"type": "grass", "variant": 5, "pos": [18, 12]}, "17;12": {"type": "grass", "variant": 5, "pos": [17, 12]}, "16;12": {"type": "grass", "variant": 5, "pos": [16, 12]}, "15;12": {"type": "grass", "variant": 5, "pos": [15, 12]}, "14;12": {"type": "grass", "variant": 5, "pos": [14, 12]}, "13;12": {"type": "grass", "variant": 5, "pos": [13, 12]}, "12;12": {"type": "grass", "variant": 5, "pos": [12, 12]}, "11;12": {"type": "grass", "variant": 5, "pos": [11, 12]}, "10;12": {"type": "grass", "variant": 5, "pos": [10, 12]}, "9;12": {"type": "grass", "variant": 5, "pos": [9, 12]}, "8;12": {"type": "grass", "variant": 5, "pos": [8, 12]}, "7;12": {"type": "grass", "variant": 8, "pos": [7, 12]}, "6;12": {"type": "grass", "variant": 8, "pos": [6, 12]}, "5;12": {"type": "grass", "variant": 8, "pos": [5, 12]}, "4;12": {"type": "grass", "variant": 8, "pos": [4, 12]}, "3;12": {"type": "grass", "variant": 8, "pos": [3, 12]}, "2;12": {"type": "grass", "variant": 8, "pos": [2, 12]}, "1;12": {"type": "grass", "variant": 8, "pos": [1, 12]}, "1;11": {"type": "grass", "variant": 8, "pos": [1, 11]}, "0;11": {"type": "grass", "variant": 8, "pos": [0, 11]}, "-1;11": {"type": "grass", "variant": 8, "pos": [-1, 11]}, "-2;11": {"type": "grass", "variant": 8, "pos": [-2, 11]}, "-3;11": {"type": "grass", "variant": 8, "pos": [-3, 11]}, "-3;10": {"type": "grass", "variant": 8, "pos": [-3, 10]}, "-3;9": {"type": "grass", "variant": 8, "pos": [-3, 9]}, "-3;8": {"type": "grass", "variant": 8, "pos": [-3, 8]}, "-3;7": {"type": "grass", "variant": 8, "pos": [-3, 7]}, "-3;6": {"type": "grass", "variant": 1, "pos": [-3, 6]}, "29;12": {"type": "grass", "variant": 1, "pos": [29, 12]}, "30;12": {"type": "grass", "variant": 1, "pos": [30, 12]}, "31;12": {"type": "grass", "variant": 8, "pos": [31, 12]}, "31;11": {"type": "grass", "variant": 0, "pos": [31, 11]}, "32;11": {"type": "grass", "variant": 1, "pos": [32, 11]}, "33;11": {"type": "grass", "variant": 1, "pos": [33, 11]}, "34;11": {"type": "grass", "variant": 1, "pos": [34, 11]}, "35;11": {"type": "grass", "variant": 8, "pos": [35, 11]}, "35;10": {"type": "grass", "variant": 7, "pos": [35, 10]}, "35;9": {"type": "grass", "variant": 7, "pos": [35, 9]}, "35;8": {"type": "grass", "variant": 7, "pos": [35, 8]}, "35;7": {"type": "grass", "variant": 0, "pos": [35, 7]}, "36;7": {"type": "grass", "variant": 2, "pos": [36, 7]}, "36;8": {"type": "grass", "variant": 3, "pos": [36, 8]}, "36;9": {"type": "grass", "variant": 3, "pos": [36, 9]}, "36;10": {"type": "grass", "variant": 3, "pos": [36, 10]}, "36;11": {"type": "grass", "variant": 3, "pos": [36, 11]}, "36;12": {"type": "grass", "variant": 4, "pos": [36, 12]}, "35;12": {"type": "grass", "variant": 5, "pos": [35, 12]}, "34;12": {"type": "grass", "variant": 5, "pos": [34, 12]}, "33;12": {"type": "grass", "variant": 5, "pos": [33, 12]}, "32;12": {"type": "grass", "variant": 8, "pos": [32, 12]}, "32;13": {"type": "grass", "variant": 4, "pos": [32, 13]}, "31;13": {"type": "grass", "variant": 5, "pos": [31, 13]}, "30;13": {"type": "grass", "variant": 5, "pos": [30, 13]}, "29;13": {"type": "grass", "variant": 5, "pos": [29, 13]}, "28;13": {"type": "grass", "variant": 5, "pos": [28, 13]}, "27;13": {"type": "grass", "variant": 5, "pos": [27, 13]}, "26;13": {"type": "grass", "variant": 5, "pos": [26, 13]}, "25;13": {"type": "grass", "variant": 5, "pos": [25, 13]}, "24;13": {"type": "grass", "variant": 6, "pos": [24, 13]}, "7;13": {"type": "grass", "variant": 4, "pos": [7, 13]}, "6;13": {"type": "grass", "variant": 5, "pos": [6, 13]}, "5;13": {"type": "grass", "variant": 5, "pos": [5, 13]}, "4;13": {"type": "grass", "variant": 5, "pos": [4, 13]}, "3;13": {"type": "grass", "variant": 5, "pos": [3, 13]}, "2;13": {"type": "grass", "variant": 5, "pos": [2, 13]}, "1;13": {"type": "grass", "variant": 6, "pos": [1, 13]}, "0;12": {"type": "grass", "variant": 5, "pos": [0, 12]}, "-1;12": {"type": "grass", "variant": 5, "pos": [-1, 12]}, "-2;12": {"type": "grass", "variant": 5, "pos": [-2, 12]}, "-3;12": {"type": "grass", "variant": 5, "pos": [-3, 12]}, "-4;12": {"type": "grass", "variant": 6, "pos": [-4, 12]}, "-4;11": {"type": "grass", "variant": 7, "pos": [-4, 11]}, "-4;10": {"type": "grass", "variant": 7, "pos": [-4, 10]}, "-4;9": {"type": "grass", "variant": 7, "pos": [-4, 9]}, "-4;8": {"type": "grass", "variant": 7, "pos": [-4, 8]}, "-4;7": {"type": "grass", "variant": 7, "pos": [-4, 7]}, "-4;6": {"type": "grass", "variant": 0, "pos": [-4, 6]}, "12;9": {"type": "grass", "variant": 8, "pos": [12, 9]}, "12;8": {"type": "grass", "variant": 2, "pos": [12, 8]}, "11;8": {"type": "grass", "variant": 1, "pos": [11, 8]}, "10;8": {"type": "grass", "variant": 1, "pos": [10, 8]}, "9;8": {"type": "grass", "variant": 1, "pos": [9, 8]}, "8;8": {"type": "grass", "variant": 1, "pos": [8, 8]}, "7;8": {"type": "grass", "variant": 8, "pos": [7, 8]}, "7;7": {"type": "grass", "variant": 2, "pos": [7, 7]}, "6;7": {"type": "grass", "variant": 1, "pos": [6, 7]}, "5;7": {"type": "grass", "variant": 1, "pos": [5, 7]}, "4;7": {"type": "grass", "variant": 1, "pos": [4, 7]}, "3;7": {"type": "grass", "variant": 8, "pos": [3, 7]}, "3;6": {"type": "grass", "variant": 2, "pos": [3, 6]}, "2;6": {"type": "grass", "variant": 1, "pos": [2, 6]}, "1;6": {"type": "grass", "variant": 1, "pos": [1, 6]}, "0;6": {"type": "grass", "variant": 1, "pos": [0, 6]}, "-1;6": {"type": "grass", "variant": 1, "pos": [-1, 6]}, "-2;6": {"type": "grass", "variant": 1, "pos": [-2, 6]}, "-2;7": {"type": "grass", "variant": 8, "pos": [-2, 7]}, "-2;8": {"type": "grass", "variant": 8, "pos": [-2, 8]}, "-2;9": {"type": "grass", "variant": 8, "pos": [-2, 9]}, "-2;10": {"type": "grass", "variant": 8, "pos": [-2, 10]}, "-1;10": {"type": "grass", "variant": 8, "pos": [-1, 10]}, "-1;9": {"type": "grass", "variant": 8, "pos": [-1, 9]}, "-1;8": {"type": "grass", "variant": 8, "pos": [-1, 8]}, "-1;7": {"type": "grass", "variant": 8, "pos": [-1, 7]}, "0;7": {"type": "grass", "variant": 8, "pos": [0, 7]}, "0;8": {"type": "grass", "variant": 8, "pos": [0, 8]}, "1;8": {"type": "grass", "variant": 8, "pos": [1, 8]}, "1;7": {"type": "grass", "variant": 8, "pos": [1, 7]}, "2;7": {"type": "grass", "variant": 8, "pos": [2, 7]}, "2;8": {"type": "grass", "variant": 8, "pos": [2, 8]}, "2;9": {"type": "grass", "variant": 8, "pos": [2, 9]}, "1;9": {"type": "grass", "variant": 8, "pos": [1, 9]}, "0;9": {"type": "grass", "variant": 8, "pos": [0, 9]}, "0;10": {"type": "grass", "variant": 8, "pos": [0, 10]}, "1;10": {"type": "grass", "variant": 8, "pos": [1, 10]}, "2;10": {"type": "grass", "variant": 8, "pos": [2, 10]}, "3;9": {"type": "grass", "variant": 8, "pos": [3, 9]}, "3;8": {"type": "grass", "variant": 8, "pos": [3, 8]}, "3;10": {"type": "grass", "variant": 8, "pos": [3, 10]}, "2;11": {"type": "grass", "variant": 8, "pos": [2, 11]}, "3;11": {"type": "grass", "variant": 8, "pos": [3, 11]}, "4;10": {"type": "grass", "variant": 8, "pos": [4, 10]}, "5;10": {"type": "grass", "variant": 8, "pos": [5, 10]}, "6;9": {"type": "grass", "variant": 8, "pos": [6, 9]}, "5;9": {"type": "grass", "variant": 8, "pos": [5, 9]}, "5;11": {"type": "grass", "variant": 8, "pos": [5, 11]}, "4;11": {"type": "grass", "variant": 8, "pos": [4, 11]}, "4;9": {"type": "grass", "variant": 8, "pos": [4, 9]}, "4;8": {"type": "grass", "variant": 8, "pos": [4, 8]}, "5;8": {"type": "grass", "variant": 8, "pos": [5, 8]}, "6;8": {"type": "grass", "variant": 8, "pos": [6, 8]}, "6;10": {"type": "grass", "variant": 8, "pos": [6, 10]}, "7;9": {"type": "grass", "variant": 8, "pos": [7, 9]}, "8;9": {"type": "grass", "variant": 8, "pos": [8, 9]}, "9;9": {"type": "grass", "variant": 8, "pos": [9, 9]}, "9;10": {"type": "grass", "variant": 8, "pos": [9, 10]}, "8;10": {"type": "grass", "variant": 8, "pos": [8, 10]}, "7;10": {"type": "grass", "variant": 8, "pos": [7, 10]}, "10;9": {"type": "grass", "variant": 8, "pos": [10, 9]}, "11;9": {"type": "grass", "variant": 8, "pos": [11, 9]}}, "tile_size": 16, "offgrid": [{"type": "spawners", "variant": 1, "pos": [247.0, 109]}, {"type": "spawners", "variant": 2, "pos": [213, 107]}, {"type": "spawners", "variant": 0, "pos": [-8, 58.0]}, {"type": "stone", "variant": 2, "pos": [414.5, 185.0]}, {"type": "stone", "variant": 0, "pos": [481.0, 185.0]}]}