{"tilemap": {"10;14": {"type": "grass", "variant": 8, "pos": [10, 14]}, "11;14": {"type": "grass", "variant": 8, "pos": [11, 14]}, "12;14": {"type": "grass", "variant": 8, "pos": [12, 14]}, "13;14": {"type": "grass", "variant": 8, "pos": [13, 14]}, "14;14": {"type": "grass", "variant": 8, "pos": [14, 14]}, "15;14": {"type": "grass", "variant": 8, "pos": [15, 14]}, "16;14": {"type": "grass", "variant": 8, "pos": [16, 14]}, "17;14": {"type": "grass", "variant": 8, "pos": [17, 14]}, "18;14": {"type": "grass", "variant": 8, "pos": [18, 14]}, "19;14": {"type": "grass", "variant": 8, "pos": [19, 14]}, "20;14": {"type": "grass", "variant": 8, "pos": [20, 14]}, "21;14": {"type": "grass", "variant": 8, "pos": [21, 14]}, "22;14": {"type": "grass", "variant": 1, "pos": [22, 14]}, "23;14": {"type": "grass", "variant": 1, "pos": [23, 14]}, "24;14": {"type": "grass", "variant": 2, "pos": [24, 14]}, "24;15": {"type": "grass", "variant": 8, "pos": [24, 15]}, "23;15": {"type": "grass", "variant": 8, "pos": [23, 15]}, "22;15": {"type": "grass", "variant": 8, "pos": [22, 15]}, "21;15": {"type": "grass", "variant": 8, "pos": [21, 15]}, "20;15": {"type": "grass", "variant": 8, "pos": [20, 15]}, "19;15": {"type": "grass", "variant": 8, "pos": [19, 15]}, "18;15": {"type": "grass", "variant": 8, "pos": [18, 15]}, "17;15": {"type": "grass", "variant": 5, "pos": [17, 15]}, "16;15": {"type": "grass", "variant": 5, "pos": [16, 15]}, "15;15": {"type": "grass", "variant": 5, "pos": [15, 15]}, "14;15": {"type": "grass", "variant": 5, "pos": [14, 15]}, "13;15": {"type": "grass", "variant": 5, "pos": [13, 15]}, "12;15": {"type": "grass", "variant": 5, "pos": [12, 15]}, "11;15": {"type": "grass", "variant": 5, "pos": [11, 15]}, "12;13": {"type": "grass", "variant": 8, "pos": [12, 13]}, "13;13": {"type": "grass", "variant": 8, "pos": [13, 13]}, "14;13": {"type": "grass", "variant": 8, "pos": [14, 13]}, "15;13": {"type": "grass", "variant": 8, "pos": [15, 13]}, "16;13": {"type": "grass", "variant": 8, "pos": [16, 13]}, "17;13": {"type": "grass", "variant": 8, "pos": [17, 13]}, "18;13": {"type": "grass", "variant": 1, "pos": [18, 13]}, "19;13": {"type": "grass", "variant": 1, "pos": [19, 13]}, "20;13": {"type": "grass", "variant": 1, "pos": [20, 13]}, "21;13": {"type": "grass", "variant": 2, "pos": [21, 13]}, "25;15": {"type": "grass", "variant": 1, "pos": [25, 15]}, "26;15": {"type": "grass", "variant": 2, "pos": [26, 15]}, "25;16": {"type": "grass", "variant": 8, "pos": [25, 16]}, "24;16": {"type": "grass", "variant": 8, "pos": [24, 16]}, "23;16": {"type": "grass", "variant": 8, "pos": [23, 16]}, "22;16": {"type": "grass", "variant": 8, "pos": [22, 16]}, "21;16": {"type": "grass", "variant": 8, "pos": [21, 16]}, "20;16": {"type": "grass", "variant": 5, "pos": [20, 16]}, "19;16": {"type": "grass", "variant": 5, "pos": [19, 16]}, "18;16": {"type": "grass", "variant": 6, "pos": [18, 16]}, "26;16": {"type": "grass", "variant": 8, "pos": [26, 16]}, "10;15": {"type": "grass", "variant": 6, "pos": [10, 15]}, "27;16": {"type": "grass", "variant": 1, "pos": [27, 16]}, "28;16": {"type": "grass", "variant": 1, "pos": [28, 16]}, "29;16": {"type": "grass", "variant": 1, "pos": [29, 16]}, "30;16": {"type": "grass", "variant": 1, "pos": [30, 16]}, "31;16": {"type": "grass", "variant": 1, "pos": [31, 16]}, "31;17": {"type": "grass", "variant": 8, "pos": [31, 17]}, "32;17": {"type": "grass", "variant": 8, "pos": [32, 17]}, "33;17": {"type": "grass", "variant": 3, "pos": [33, 17]}, "32;18": {"type": "grass", "variant": 5, "pos": [32, 18]}, "31;18": {"type": "grass", "variant": 5, "pos": [31, 18]}, "30;18": {"type": "grass", "variant": 5, "pos": [30, 18]}, "29;18": {"type": "grass", "variant": 5, "pos": [29, 18]}, "28;18": {"type": "grass", "variant": 5, "pos": [28, 18]}, "28;17": {"type": "grass", "variant": 8, "pos": [28, 17]}, "27;17": {"type": "grass", "variant": 8, "pos": [27, 17]}, "26;17": {"type": "grass", "variant": 5, "pos": [26, 17]}, "29;17": {"type": "grass", "variant": 8, "pos": [29, 17]}, "30;17": {"type": "grass", "variant": 8, "pos": [30, 17]}, "32;16": {"type": "grass", "variant": 1, "pos": [32, 16]}, "33;16": {"type": "grass", "variant": 2, "pos": [33, 16]}, "33;18": {"type": "grass", "variant": 4, "pos": [33, 18]}, "27;18": {"type": "grass", "variant": 6, "pos": [27, 18]}, "25;17": {"type": "grass", "variant": 5, "pos": [25, 17]}, "24;17": {"type": "grass", "variant": 5, "pos": [24, 17]}, "22;17": {"type": "grass", "variant": 5, "pos": [22, 17]}, "23;17": {"type": "grass", "variant": 5, "pos": [23, 17]}, "21;17": {"type": "grass", "variant": 6, "pos": [21, 17]}, "37;15": {"type": "stone", "variant": 0, "pos": [37, 15]}, "38;15": {"type": "stone", "variant": 8, "pos": [38, 15]}, "38;14": {"type": "stone", "variant": 0, "pos": [38, 14]}, "39;14": {"type": "stone", "variant": 1, "pos": [39, 14]}, "40;14": {"type": "stone", "variant": 1, "pos": [40, 14]}, "41;14": {"type": "stone", "variant": 8, "pos": [41, 14]}, "42;14": {"type": "stone", "variant": 8, "pos": [42, 14]}, "43;14": {"type": "stone", "variant": 8, "pos": [43, 14]}, "44;14": {"type": "stone", "variant": 8, "pos": [44, 14]}, "45;14": {"type": "stone", "variant": 8, "pos": [45, 14]}, "46;14": {"type": "stone", "variant": 8, "pos": [46, 14]}, "44;15": {"type": "stone", "variant": 8, "pos": [44, 15]}, "43;15": {"type": "stone", "variant": 8, "pos": [43, 15]}, "42;15": {"type": "stone", "variant": 8, "pos": [42, 15]}, "41;15": {"type": "stone", "variant": 8, "pos": [41, 15]}, "40;15": {"type": "stone", "variant": 8, "pos": [40, 15]}, "39;15": {"type": "stone", "variant": 8, "pos": [39, 15]}, "45;15": {"type": "stone", "variant": 8, "pos": [45, 15]}, "45;16": {"type": "stone", "variant": 5, "pos": [45, 16]}, "44;16": {"type": "stone", "variant": 5, "pos": [44, 16]}, "43;16": {"type": "stone", "variant": 8, "pos": [43, 16]}, "42;16": {"type": "stone", "variant": 8, "pos": [42, 16]}, "41;16": {"type": "stone", "variant": 8, "pos": [41, 16]}, "40;16": {"type": "stone", "variant": 8, "pos": [40, 16]}, "39;16": {"type": "stone", "variant": 8, "pos": [39, 16]}, "38;16": {"type": "stone", "variant": 8, "pos": [38, 16]}, "38;17": {"type": "stone", "variant": 6, "pos": [38, 17]}, "39;17": {"type": "stone", "variant": 5, "pos": [39, 17]}, "40;17": {"type": "stone", "variant": 5, "pos": [40, 17]}, "41;17": {"type": "stone", "variant": 5, "pos": [41, 17]}, "42;17": {"type": "stone", "variant": 5, "pos": [42, 17]}, "43;17": {"type": "stone", "variant": 4, "pos": [43, 17]}, "46;15": {"type": "stone", "variant": 8, "pos": [46, 15]}, "46;16": {"type": "stone", "variant": 4, "pos": [46, 16]}, "37;16": {"type": "stone", "variant": 6, "pos": [37, 16]}, "32;15": {"type": "decor", "variant": 0, "pos": [32, 15]}, "22;13": {"type": "decor", "variant": 1, "pos": [22, 13]}, "29;15": {"type": "decor", "variant": 2, "pos": [29, 15]}, "17;12": {"type": "grass", "variant": 2, "pos": [17, 12]}, "16;12": {"type": "grass", "variant": 1, "pos": [16, 12]}, "15;12": {"type": "grass", "variant": 8, "pos": [15, 12]}, "14;12": {"type": "grass", "variant": 8, "pos": [14, 12]}, "13;12": {"type": "grass", "variant": 8, "pos": [13, 12]}, "12;12": {"type": "grass", "variant": 1, "pos": [12, 12]}, "15;11": {"type": "grass", "variant": 2, "pos": [15, 11]}, "14;11": {"type": "grass", "variant": 1, "pos": [14, 11]}, "11;12": {"type": "grass", "variant": 1, "pos": [11, 12]}, "11;13": {"type": "grass", "variant": 8, "pos": [11, 13]}, "10;13": {"type": "grass", "variant": 8, "pos": [10, 13]}, "9;13": {"type": "grass", "variant": 8, "pos": [9, 13]}, "10;12": {"type": "grass", "variant": 1, "pos": [10, 12]}, "9;12": {"type": "grass", "variant": 1, "pos": [9, 12]}, "8;12": {"type": "grass", "variant": 0, "pos": [8, 12]}, "9;14": {"type": "grass", "variant": 5, "pos": [9, 14]}, "8;13": {"type": "grass", "variant": 8, "pos": [8, 13]}, "7;13": {"type": "grass", "variant": 0, "pos": [7, 13]}, "7;14": {"type": "grass", "variant": 6, "pos": [7, 14]}, "8;14": {"type": "grass", "variant": 5, "pos": [8, 14]}, "13;11": {"type": "grass", "variant": 0, "pos": [13, 11]}, "8;11": {"type": "decor", "variant": 0, "pos": [8, 11]}, "14;10": {"type": "decor", "variant": 1, "pos": [14, 10]}, "41;13": {"type": "stone", "variant": 0, "pos": [41, 13]}, "42;13": {"type": "stone", "variant": 1, "pos": [42, 13]}, "43;13": {"type": "stone", "variant": 1, "pos": [43, 13]}, "44;13": {"type": "stone", "variant": 1, "pos": [44, 13]}, "45;13": {"type": "stone", "variant": 1, "pos": [45, 13]}, "46;13": {"type": "stone", "variant": 1, "pos": [46, 13]}, "47;13": {"type": "stone", "variant": 2, "pos": [47, 13]}, "47;14": {"type": "stone", "variant": 3, "pos": [47, 14]}, "47;15": {"type": "stone", "variant": 4, "pos": [47, 15]}}, "tile_size": 16, "offgrid": [{"type": "decor", "variant": 3, "pos": [381.5, 209.5]}, {"type": "large_decor", "variant": 1, "pos": [298.5, 200.5]}, {"type": "large_decor", "variant": 2, "pos": [445.0, 250.5]}, {"type": "large_decor", "variant": 3, "pos": [273.5, 134.0]}, {"type": "large_decor", "variant": 4, "pos": [450.5, 127.5]}, {"type": "spawners", "variant": 0, "pos": [152.0, 155.5]}, {"type": "large_decor", "variant": 2, "pos": [221.0, 170.5]}, {"type": "large_decor", "variant": 0, "pos": [619.0, 215.5]}, {"type": "decor", "variant": 3, "pos": [184.5, 177.5]}, {"type": "large_decor", "variant": 8, "pos": [247.0, 164.0]}, {"type": "large_decor", "variant": 11, "pos": [131.0, 163.5]}, {"type": "spawners", "variant": 1, "pos": [372.0, 205.5]}, {"type": "large_decor", "variant": 2, "pos": [741.5, 203.5]}, {"type": "spawners", "variant": 1, "pos": [664.0, 172.5]}]}