{"tilemap": {"2;7": {"type": "grass", "variant": 0, "pos": [2, 7]}, "4;7": {"type": "grass", "variant": 1, "pos": [4, 7]}, "5;7": {"type": "grass", "variant": 1, "pos": [5, 7]}, "6;7": {"type": "grass", "variant": 1, "pos": [6, 7]}, "7;7": {"type": "grass", "variant": 1, "pos": [7, 7]}, "8;7": {"type": "grass", "variant": 1, "pos": [8, 7]}, "10;7": {"type": "grass", "variant": 1, "pos": [10, 7]}, "11;7": {"type": "grass", "variant": 1, "pos": [11, 7]}, "12;7": {"type": "grass", "variant": 1, "pos": [12, 7]}, "13;7": {"type": "grass", "variant": 1, "pos": [13, 7]}, "14;7": {"type": "grass", "variant": 1, "pos": [14, 7]}, "15;7": {"type": "grass", "variant": 2, "pos": [15, 7]}, "15;8": {"type": "grass", "variant": 3, "pos": [15, 8]}, "15;9": {"type": "grass", "variant": 3, "pos": [15, 9]}, "13;10": {"type": "grass", "variant": 5, "pos": [13, 10]}, "12;10": {"type": "grass", "variant": 5, "pos": [12, 10]}, "11;10": {"type": "grass", "variant": 5, "pos": [11, 10]}, "10;10": {"type": "grass", "variant": 6, "pos": [10, 10]}, "10;9": {"type": "grass", "variant": 8, "pos": [10, 9]}, "9;9": {"type": "grass", "variant": 5, "pos": [9, 9]}, "8;9": {"type": "grass", "variant": 5, "pos": [8, 9]}, "7;9": {"type": "grass", "variant": 5, "pos": [7, 9]}, "6;9": {"type": "grass", "variant": 5, "pos": [6, 9]}, "5;9": {"type": "grass", "variant": 5, "pos": [5, 9]}, "4;9": {"type": "grass", "variant": 5, "pos": [4, 9]}, "3;9": {"type": "grass", "variant": 6, "pos": [3, 9]}, "2;8": {"type": "grass", "variant": 6, "pos": [2, 8]}, "4;8": {"type": "grass", "variant": 8, "pos": [4, 8]}, "5;8": {"type": "grass", "variant": 8, "pos": [5, 8]}, "6;8": {"type": "grass", "variant": 8, "pos": [6, 8]}, "7;8": {"type": "grass", "variant": 8, "pos": [7, 8]}, "8;8": {"type": "grass", "variant": 8, "pos": [8, 8]}, "9;8": {"type": "grass", "variant": 8, "pos": [9, 8]}, "10;8": {"type": "grass", "variant": 8, "pos": [10, 8]}, "11;8": {"type": "grass", "variant": 8, "pos": [11, 8]}, "14;8": {"type": "grass", "variant": 8, "pos": [14, 8]}, "11;9": {"type": "grass", "variant": 8, "pos": [11, 9]}, "12;9": {"type": "grass", "variant": 8, "pos": [12, 9]}, "18;5": {"type": "stone", "variant": 0, "pos": [18, 5]}, "18;6": {"type": "stone", "variant": 6, "pos": [18, 6]}, "19;7": {"type": "stone", "variant": 7, "pos": [19, 7]}, "19;8": {"type": "stone", "variant": 6, "pos": [19, 8]}, "20;8": {"type": "stone", "variant": 5, "pos": [20, 8]}, "21;8": {"type": "stone", "variant": 5, "pos": [21, 8]}, "22;8": {"type": "stone", "variant": 5, "pos": [22, 8]}, "23;8": {"type": "stone", "variant": 8, "pos": [23, 8]}, "24;8": {"type": "stone", "variant": 8, "pos": [24, 8]}, "24;9": {"type": "stone", "variant": 8, "pos": [24, 9]}, "25;9": {"type": "stone", "variant": 8, "pos": [25, 9]}, "25;10": {"type": "stone", "variant": 5, "pos": [25, 10]}, "26;9": {"type": "stone", "variant": 8, "pos": [26, 9]}, "27;9": {"type": "stone", "variant": 4, "pos": [27, 9]}, "27;8": {"type": "stone", "variant": 8, "pos": [27, 8]}, "28;8": {"type": "stone", "variant": 4, "pos": [28, 8]}, "28;7": {"type": "stone", "variant": 3, "pos": [28, 7]}, "28;6": {"type": "stone", "variant": 3, "pos": [28, 6]}, "28;5": {"type": "stone", "variant": 2, "pos": [28, 5]}, "27;5": {"type": "stone", "variant": 8, "pos": [27, 5]}, "27;4": {"type": "stone", "variant": 2, "pos": [27, 4]}, "26;4": {"type": "stone", "variant": 1, "pos": [26, 4]}, "25;4": {"type": "stone", "variant": 1, "pos": [25, 4]}, "24;4": {"type": "stone", "variant": 1, "pos": [24, 4]}, "23;4": {"type": "stone", "variant": 1, "pos": [23, 4]}, "22;4": {"type": "stone", "variant": 1, "pos": [22, 4]}, "21;4": {"type": "stone", "variant": 1, "pos": [21, 4]}, "20;4": {"type": "stone", "variant": 0, "pos": [20, 4]}, "20;5": {"type": "stone", "variant": 8, "pos": [20, 5]}, "19;5": {"type": "stone", "variant": 1, "pos": [19, 5]}, "19;6": {"type": "stone", "variant": 8, "pos": [19, 6]}, "20;6": {"type": "stone", "variant": 8, "pos": [20, 6]}, "21;6": {"type": "stone", "variant": 8, "pos": [21, 6]}, "22;6": {"type": "stone", "variant": 8, "pos": [22, 6]}, "23;6": {"type": "stone", "variant": 8, "pos": [23, 6]}, "23;5": {"type": "stone", "variant": 8, "pos": [23, 5]}, "24;5": {"type": "stone", "variant": 8, "pos": [24, 5]}, "25;5": {"type": "stone", "variant": 8, "pos": [25, 5]}, "26;5": {"type": "stone", "variant": 8, "pos": [26, 5]}, "27;6": {"type": "stone", "variant": 8, "pos": [27, 6]}, "26;6": {"type": "stone", "variant": 8, "pos": [26, 6]}, "25;6": {"type": "stone", "variant": 8, "pos": [25, 6]}, "24;6": {"type": "stone", "variant": 8, "pos": [24, 6]}, "22;5": {"type": "stone", "variant": 8, "pos": [22, 5]}, "21;5": {"type": "stone", "variant": 8, "pos": [21, 5]}, "21;7": {"type": "stone", "variant": 8, "pos": [21, 7]}, "20;7": {"type": "stone", "variant": 8, "pos": [20, 7]}, "22;7": {"type": "stone", "variant": 8, "pos": [22, 7]}, "23;7": {"type": "stone", "variant": 8, "pos": [23, 7]}, "24;7": {"type": "stone", "variant": 8, "pos": [24, 7]}, "25;7": {"type": "stone", "variant": 8, "pos": [25, 7]}, "26;7": {"type": "stone", "variant": 8, "pos": [26, 7]}, "26;8": {"type": "stone", "variant": 8, "pos": [26, 8]}, "25;8": {"type": "stone", "variant": 8, "pos": [25, 8]}, "27;7": {"type": "stone", "variant": 8, "pos": [27, 7]}, "26;10": {"type": "stone", "variant": 4, "pos": [26, 10]}, "24;10": {"type": "stone", "variant": 6, "pos": [24, 10]}, "23;9": {"type": "stone", "variant": 6, "pos": [23, 9]}, "18;-1": {"type": "stone", "variant": 3, "pos": [18, -1]}, "18;0": {"type": "stone", "variant": 4, "pos": [18, 0]}, "17;0": {"type": "stone", "variant": 5, "pos": [17, 0]}, "16;0": {"type": "stone", "variant": 5, "pos": [16, 0]}, "15;0": {"type": "stone", "variant": 5, "pos": [15, 0]}, "14;0": {"type": "stone", "variant": 6, "pos": [14, 0]}, "13;-1": {"type": "stone", "variant": 6, "pos": [13, -1]}, "13;-2": {"type": "stone", "variant": 7, "pos": [13, -2]}, "13;-3": {"type": "stone", "variant": 7, "pos": [13, -3]}, "14;-3": {"type": "stone", "variant": 8, "pos": [14, -3]}, "14;-4": {"type": "stone", "variant": 1, "pos": [14, -4]}, "15;-4": {"type": "stone", "variant": 8, "pos": [15, -4]}, "15;-5": {"type": "stone", "variant": 0, "pos": [15, -5]}, "16;-5": {"type": "stone", "variant": 2, "pos": [16, -5]}, "17;-4": {"type": "stone", "variant": 1, "pos": [17, -4]}, "18;-4": {"type": "stone", "variant": 2, "pos": [18, -4]}, "18;-3": {"type": "stone", "variant": 3, "pos": [18, -3]}, "18;-2": {"type": "stone", "variant": 3, "pos": [18, -2]}, "17;-2": {"type": "stone", "variant": 8, "pos": [17, -2]}, "17;-1": {"type": "stone", "variant": 8, "pos": [17, -1]}, "16;-1": {"type": "stone", "variant": 8, "pos": [16, -1]}, "16;-2": {"type": "stone", "variant": 8, "pos": [16, -2]}, "16;-3": {"type": "stone", "variant": 8, "pos": [16, -3]}, "17;-3": {"type": "stone", "variant": 8, "pos": [17, -3]}, "16;-4": {"type": "stone", "variant": 8, "pos": [16, -4]}, "15;-3": {"type": "stone", "variant": 8, "pos": [15, -3]}, "15;-2": {"type": "stone", "variant": 8, "pos": [15, -2]}, "15;-1": {"type": "stone", "variant": 8, "pos": [15, -1]}, "14;-1": {"type": "stone", "variant": 8, "pos": [14, -1]}, "14;-2": {"type": "stone", "variant": 8, "pos": [14, -2]}, "23;-1": {"type": "stone", "variant": 5, "pos": [23, -1]}, "22;-1": {"type": "stone", "variant": 6, "pos": [22, -1]}, "22;-2": {"type": "stone", "variant": 7, "pos": [22, -2]}, "22;-3": {"type": "stone", "variant": 7, "pos": [22, -3]}, "22;-4": {"type": "stone", "variant": 0, "pos": [22, -4]}, "23;-4": {"type": "stone", "variant": 8, "pos": [23, -4]}, "23;-5": {"type": "stone", "variant": 0, "pos": [23, -5]}, "24;-5": {"type": "stone", "variant": 1, "pos": [24, -5]}, "25;-5": {"type": "stone", "variant": 1, "pos": [25, -5]}, "26;-5": {"type": "stone", "variant": 2, "pos": [26, -5]}, "26;-4": {"type": "stone", "variant": 8, "pos": [26, -4]}, "27;-4": {"type": "stone", "variant": 2, "pos": [27, -4]}, "27;-3": {"type": "stone", "variant": 8, "pos": [27, -3]}, "28;-3": {"type": "stone", "variant": 2, "pos": [28, -3]}, "28;-2": {"type": "stone", "variant": 3, "pos": [28, -2]}, "28;-1": {"type": "stone", "variant": 4, "pos": [28, -1]}, "27;-1": {"type": "stone", "variant": 5, "pos": [27, -1]}, "26;-1": {"type": "stone", "variant": 5, "pos": [26, -1]}, "25;-1": {"type": "stone", "variant": 5, "pos": [25, -1]}, "24;-1": {"type": "stone", "variant": 5, "pos": [24, -1]}, "24;-2": {"type": "stone", "variant": 8, "pos": [24, -2]}, "23;-2": {"type": "stone", "variant": 8, "pos": [23, -2]}, "23;-3": {"type": "stone", "variant": 8, "pos": [23, -3]}, "24;-3": {"type": "stone", "variant": 8, "pos": [24, -3]}, "25;-3": {"type": "stone", "variant": 8, "pos": [25, -3]}, "26;-3": {"type": "stone", "variant": 8, "pos": [26, -3]}, "26;-2": {"type": "stone", "variant": 8, "pos": [26, -2]}, "25;-2": {"type": "stone", "variant": 8, "pos": [25, -2]}, "27;-2": {"type": "stone", "variant": 8, "pos": [27, -2]}, "25;-4": {"type": "stone", "variant": 8, "pos": [25, -4]}, "24;-4": {"type": "stone", "variant": 8, "pos": [24, -4]}, "1;-2": {"type": "grass", "variant": 2, "pos": [1, -2]}, "1;-1": {"type": "grass", "variant": 3, "pos": [1, -1]}, "0;-1": {"type": "grass", "variant": 8, "pos": [0, -1]}, "0;0": {"type": "grass", "variant": 8, "pos": [0, 0]}, "0;1": {"type": "grass", "variant": 4, "pos": [0, 1]}, "1;0": {"type": "grass", "variant": 4, "pos": [1, 0]}, "-1;0": {"type": "grass", "variant": 8, "pos": [-1, 0]}, "-2;0": {"type": "grass", "variant": 8, "pos": [-2, 0]}, "-2;-1": {"type": "grass", "variant": 8, "pos": [-2, -1]}, "-3;-1": {"type": "grass", "variant": 8, "pos": [-3, -1]}, "-2;-2": {"type": "grass", "variant": 1, "pos": [-2, -2]}, "-1;-2": {"type": "grass", "variant": 1, "pos": [-1, -2]}, "0;-2": {"type": "grass", "variant": 1, "pos": [0, -2]}, "-1;-1": {"type": "grass", "variant": 8, "pos": [-1, -1]}, "13;-4": {"type": "stone", "variant": 0, "pos": [13, -4]}, "-1;1": {"type": "grass", "variant": 5, "pos": [-1, 1]}, "-2;1": {"type": "grass", "variant": 5, "pos": [-2, 1]}, "-3;1": {"type": "grass", "variant": 6, "pos": [-3, 1]}, "-4;0": {"type": "grass", "variant": 6, "pos": [-4, 0]}, "-4;-1": {"type": "grass", "variant": 0, "pos": [-4, -1]}, "-3;-2": {"type": "grass", "variant": 0, "pos": [-3, -2]}, "-3;0": {"type": "grass", "variant": 8, "pos": [-3, 0]}, "14;9": {"type": "grass", "variant": 8, "pos": [14, 9]}, "13;9": {"type": "grass", "variant": 8, "pos": [13, 9]}, "13;8": {"type": "grass", "variant": 8, "pos": [13, 8]}, "12;8": {"type": "grass", "variant": 8, "pos": [12, 8]}, "9;7": {"type": "grass", "variant": 1, "pos": [9, 7]}, "3;8": {"type": "grass", "variant": 8, "pos": [3, 8]}, "3;7": {"type": "grass", "variant": 1, "pos": [3, 7]}, "14;10": {"type": "grass", "variant": 5, "pos": [14, 10]}, "15;10": {"type": "grass", "variant": 4, "pos": [15, 10]}}, "tile_size": 16, "offgrid": [{"type": "spawners", "variant": 1, "pos": [369.0, 49.0]}, {"type": "spawners", "variant": 1, "pos": [409, -95.0]}, {"type": "spawners", "variant": 1, "pos": [-45.0, -47.0]}, {"type": "spawners", "variant": 1, "pos": [294.0, -79.0]}, {"type": "large_decor", "variant": 3, "pos": [8, 38]}, {"type": "large_decor", "variant": 8, "pos": [182.0, 78]}, {"type": "large_decor", "variant": 9, "pos": [417, 48.0]}, {"type": "large_decor", "variant": 7, "pos": [321, 44.0]}, {"type": "large_decor", "variant": 7, "pos": [426, -89.0]}, {"type": "large_decor", "variant": 8, "pos": [345, -84]}, {"type": "large_decor", "variant": 11, "pos": [219, 87]}, {"type": "large_decor", "variant": 11, "pos": [-21, -61.0]}, {"type": "large_decor", "variant": 10, "pos": [69, 71]}, {"type": "large_decor", "variant": 4, "pos": [-39, -140]}, {"type": "spawners", "variant": 2, "pos": [238, -114]}, {"type": "spawners", "variant": 2, "pos": [-10.0, -52]}, {"type": "spawners", "variant": 2, "pos": [40, 77]}, {"type": "spawners", "variant": 0, "pos": [146.0, 43]}]}