{"tilemap": {"14;18": {"type": "grass", "variant": 8, "pos": [14, 18]}, "15;17": {"type": "grass", "variant": 1, "pos": [15, 17]}, "16;17": {"type": "grass", "variant": 1, "pos": [16, 17]}, "17;17": {"type": "grass", "variant": 1, "pos": [17, 17]}, "19;17": {"type": "grass", "variant": 1, "pos": [19, 17]}, "21;17": {"type": "grass", "variant": 1, "pos": [21, 17]}, "23;16": {"type": "grass", "variant": 0, "pos": [23, 16]}, "25;16": {"type": "grass", "variant": 1, "pos": [25, 16]}, "27;16": {"type": "grass", "variant": 1, "pos": [27, 16]}, "29;16": {"type": "grass", "variant": 1, "pos": [29, 16]}, "30;16": {"type": "grass", "variant": 2, "pos": [30, 16]}, "32;17": {"type": "grass", "variant": 1, "pos": [32, 17]}, "33;17": {"type": "grass", "variant": 1, "pos": [33, 17]}, "34;17": {"type": "grass", "variant": 1, "pos": [34, 17]}, "35;17": {"type": "grass", "variant": 1, "pos": [35, 17]}, "36;17": {"type": "grass", "variant": 1, "pos": [36, 17]}, "37;17": {"type": "grass", "variant": 2, "pos": [37, 17]}, "31;17": {"type": "grass", "variant": 1, "pos": [31, 17]}, "29;17": {"type": "grass", "variant": 8, "pos": [29, 17]}, "27;17": {"type": "grass", "variant": 8, "pos": [27, 17]}, "26;17": {"type": "grass", "variant": 8, "pos": [26, 17]}, "24;17": {"type": "grass", "variant": 8, "pos": [24, 17]}, "23;17": {"type": "grass", "variant": 8, "pos": [23, 17]}, "20;17": {"type": "grass", "variant": 1, "pos": [20, 17]}, "19;18": {"type": "grass", "variant": 8, "pos": [19, 18]}, "18;18": {"type": "grass", "variant": 8, "pos": [18, 18]}, "17;18": {"type": "grass", "variant": 8, "pos": [17, 18]}, "16;18": {"type": "grass", "variant": 8, "pos": [16, 18]}, "15;18": {"type": "grass", "variant": 8, "pos": [15, 18]}, "20;18": {"type": "grass", "variant": 8, "pos": [20, 18]}, "21;18": {"type": "grass", "variant": 8, "pos": [21, 18]}, "22;18": {"type": "grass", "variant": 8, "pos": [22, 18]}, "23;18": {"type": "grass", "variant": 8, "pos": [23, 18]}, "24;18": {"type": "grass", "variant": 8, "pos": [24, 18]}, "25;18": {"type": "grass", "variant": 8, "pos": [25, 18]}, "26;18": {"type": "grass", "variant": 8, "pos": [26, 18]}, "27;18": {"type": "grass", "variant": 8, "pos": [27, 18]}, "28;18": {"type": "grass", "variant": 8, "pos": [28, 18]}, "29;18": {"type": "grass", "variant": 8, "pos": [29, 18]}, "30;18": {"type": "grass", "variant": 8, "pos": [30, 18]}, "31;18": {"type": "grass", "variant": 8, "pos": [31, 18]}, "32;18": {"type": "grass", "variant": 8, "pos": [32, 18]}, "33;18": {"type": "grass", "variant": 8, "pos": [33, 18]}, "34;18": {"type": "grass", "variant": 8, "pos": [34, 18]}, "35;18": {"type": "grass", "variant": 8, "pos": [35, 18]}, "35;19": {"type": "grass", "variant": 4, "pos": [35, 19]}, "34;19": {"type": "grass", "variant": 5, "pos": [34, 19]}, "33;19": {"type": "grass", "variant": 5, "pos": [33, 19]}, "32;19": {"type": "grass", "variant": 8, "pos": [32, 19]}, "31;19": {"type": "grass", "variant": 8, "pos": [31, 19]}, "30;19": {"type": "grass", "variant": 8, "pos": [30, 19]}, "29;19": {"type": "grass", "variant": 8, "pos": [29, 19]}, "28;19": {"type": "grass", "variant": 8, "pos": [28, 19]}, "27;19": {"type": "grass", "variant": 8, "pos": [27, 19]}, "26;19": {"type": "grass", "variant": 8, "pos": [26, 19]}, "25;19": {"type": "grass", "variant": 8, "pos": [25, 19]}, "24;19": {"type": "grass", "variant": 8, "pos": [24, 19]}, "23;19": {"type": "grass", "variant": 8, "pos": [23, 19]}, "22;19": {"type": "grass", "variant": 8, "pos": [22, 19]}, "21;19": {"type": "grass", "variant": 8, "pos": [21, 19]}, "20;19": {"type": "grass", "variant": 8, "pos": [20, 19]}, "19;19": {"type": "grass", "variant": 8, "pos": [19, 19]}, "18;19": {"type": "grass", "variant": 8, "pos": [18, 19]}, "17;19": {"type": "grass", "variant": 8, "pos": [17, 19]}, "16;19": {"type": "grass", "variant": 5, "pos": [16, 19]}, "18;17": {"type": "grass", "variant": 1, "pos": [18, 17]}, "22;17": {"type": "grass", "variant": 1, "pos": [22, 17]}, "24;16": {"type": "grass", "variant": 1, "pos": [24, 16]}, "25;17": {"type": "grass", "variant": 8, "pos": [25, 17]}, "26;16": {"type": "grass", "variant": 1, "pos": [26, 16]}, "28;16": {"type": "grass", "variant": 1, "pos": [28, 16]}, "28;17": {"type": "grass", "variant": 8, "pos": [28, 17]}, "30;17": {"type": "grass", "variant": 8, "pos": [30, 17]}, "36;18": {"type": "grass", "variant": 5, "pos": [36, 18]}, "37;18": {"type": "grass", "variant": 4, "pos": [37, 18]}, "15;19": {"type": "grass", "variant": 5, "pos": [15, 19]}, "14;19": {"type": "grass", "variant": 5, "pos": [14, 19]}, "14;17": {"type": "grass", "variant": 0, "pos": [14, 17]}, "13;18": {"type": "grass", "variant": 1, "pos": [13, 18]}, "12;18": {"type": "grass", "variant": 0, "pos": [12, 18]}, "13;19": {"type": "grass", "variant": 5, "pos": [13, 19]}, "12;19": {"type": "grass", "variant": 6, "pos": [12, 19]}, "42;16": {"type": "stone", "variant": 0, "pos": [42, 16]}, "43;16": {"type": "stone", "variant": 1, "pos": [43, 16]}, "44;16": {"type": "stone", "variant": 1, "pos": [44, 16]}, "45;16": {"type": "stone", "variant": 1, "pos": [45, 16]}, "46;16": {"type": "stone", "variant": 1, "pos": [46, 16]}, "47;16": {"type": "stone", "variant": 1, "pos": [47, 16]}, "48;16": {"type": "stone", "variant": 1, "pos": [48, 16]}, "49;16": {"type": "stone", "variant": 8, "pos": [49, 16]}, "49;15": {"type": "stone", "variant": 0, "pos": [49, 15]}, "50;15": {"type": "stone", "variant": 1, "pos": [50, 15]}, "51;15": {"type": "stone", "variant": 1, "pos": [51, 15]}, "52;15": {"type": "stone", "variant": 1, "pos": [52, 15]}, "53;15": {"type": "stone", "variant": 2, "pos": [53, 15]}, "53;16": {"type": "stone", "variant": 8, "pos": [53, 16]}, "54;16": {"type": "stone", "variant": 1, "pos": [54, 16]}, "55;16": {"type": "stone", "variant": 1, "pos": [55, 16]}, "56;16": {"type": "stone", "variant": 1, "pos": [56, 16]}, "57;16": {"type": "stone", "variant": 1, "pos": [57, 16]}, "58;16": {"type": "stone", "variant": 1, "pos": [58, 16]}, "59;16": {"type": "stone", "variant": 2, "pos": [59, 16]}, "52;16": {"type": "stone", "variant": 8, "pos": [52, 16]}, "51;16": {"type": "stone", "variant": 8, "pos": [51, 16]}, "50;16": {"type": "stone", "variant": 8, "pos": [50, 16]}, "42;17": {"type": "stone", "variant": 7, "pos": [42, 17]}, "42;18": {"type": "stone", "variant": 8, "pos": [42, 18]}, "41;18": {"type": "stone", "variant": 1, "pos": [41, 18]}, "43;18": {"type": "stone", "variant": 8, "pos": [43, 18]}, "43;19": {"type": "stone", "variant": 5, "pos": [43, 19]}, "42;19": {"type": "stone", "variant": 5, "pos": [42, 19]}, "41;19": {"type": "stone", "variant": 5, "pos": [41, 19]}, "44;18": {"type": "stone", "variant": 8, "pos": [44, 18]}, "45;18": {"type": "stone", "variant": 8, "pos": [45, 18]}, "45;17": {"type": "stone", "variant": 8, "pos": [45, 17]}, "46;17": {"type": "stone", "variant": 8, "pos": [46, 17]}, "47;17": {"type": "stone", "variant": 8, "pos": [47, 17]}, "44;17": {"type": "stone", "variant": 8, "pos": [44, 17]}, "43;17": {"type": "stone", "variant": 8, "pos": [43, 17]}, "48;17": {"type": "stone", "variant": 8, "pos": [48, 17]}, "49;17": {"type": "stone", "variant": 8, "pos": [49, 17]}, "50;17": {"type": "stone", "variant": 8, "pos": [50, 17]}, "51;17": {"type": "stone", "variant": 8, "pos": [51, 17]}, "52;17": {"type": "stone", "variant": 8, "pos": [52, 17]}, "53;17": {"type": "stone", "variant": 8, "pos": [53, 17]}, "54;17": {"type": "stone", "variant": 8, "pos": [54, 17]}, "55;17": {"type": "stone", "variant": 5, "pos": [55, 17]}, "56;17": {"type": "stone", "variant": 5, "pos": [56, 17]}, "57;17": {"type": "stone", "variant": 5, "pos": [57, 17]}, "58;17": {"type": "stone", "variant": 5, "pos": [58, 17]}, "59;17": {"type": "stone", "variant": 4, "pos": [59, 17]}, "40;18": {"type": "stone", "variant": 0, "pos": [40, 18]}, "40;19": {"type": "stone", "variant": 6, "pos": [40, 19]}, "13;17": {"type": "decor", "variant": 0, "pos": [13, 17]}, "18;16": {"type": "decor", "variant": 1, "pos": [18, 16]}, "28;15": {"type": "decor", "variant": 2, "pos": [28, 15]}, "36;16": {"type": "decor", "variant": 0, "pos": [36, 16]}, "31;16": {"type": "decor", "variant": 3, "pos": [31, 16]}, "17;16": {"type": "decor", "variant": 3, "pos": [17, 16]}, "32;20": {"type": "grass", "variant": 4, "pos": [32, 20]}, "31;20": {"type": "grass", "variant": 5, "pos": [31, 20]}, "30;20": {"type": "grass", "variant": 5, "pos": [30, 20]}, "29;20": {"type": "grass", "variant": 5, "pos": [29, 20]}, "28;20": {"type": "grass", "variant": 5, "pos": [28, 20]}, "27;20": {"type": "grass", "variant": 5, "pos": [27, 20]}, "26;20": {"type": "grass", "variant": 5, "pos": [26, 20]}, "25;20": {"type": "grass", "variant": 5, "pos": [25, 20]}, "24;20": {"type": "grass", "variant": 5, "pos": [24, 20]}, "23;20": {"type": "grass", "variant": 5, "pos": [23, 20]}, "22;20": {"type": "grass", "variant": 5, "pos": [22, 20]}, "21;20": {"type": "grass", "variant": 5, "pos": [21, 20]}, "20;20": {"type": "grass", "variant": 5, "pos": [20, 20]}, "19;20": {"type": "grass", "variant": 5, "pos": [19, 20]}, "18;20": {"type": "grass", "variant": 5, "pos": [18, 20]}, "17;20": {"type": "grass", "variant": 6, "pos": [17, 20]}, "46;18": {"type": "stone", "variant": 8, "pos": [46, 18]}, "47;18": {"type": "stone", "variant": 8, "pos": [47, 18]}, "48;18": {"type": "stone", "variant": 8, "pos": [48, 18]}, "49;18": {"type": "stone", "variant": 8, "pos": [49, 18]}, "50;18": {"type": "stone", "variant": 8, "pos": [50, 18]}, "51;18": {"type": "stone", "variant": 8, "pos": [51, 18]}, "52;18": {"type": "stone", "variant": 5, "pos": [52, 18]}, "53;18": {"type": "stone", "variant": 5, "pos": [53, 18]}, "54;18": {"type": "stone", "variant": 4, "pos": [54, 18]}, "44;19": {"type": "stone", "variant": 5, "pos": [44, 19]}, "45;19": {"type": "stone", "variant": 5, "pos": [45, 19]}, "46;19": {"type": "stone", "variant": 5, "pos": [46, 19]}, "47;19": {"type": "stone", "variant": 5, "pos": [47, 19]}, "48;19": {"type": "stone", "variant": 5, "pos": [48, 19]}, "49;19": {"type": "stone", "variant": 5, "pos": [49, 19]}, "50;19": {"type": "stone", "variant": 5, "pos": [50, 19]}, "51;19": {"type": "stone", "variant": 4, "pos": [51, 19]}}, "tile_size": 16, "offgrid": [{"type": "spawners", "variant": 2, "pos": [400.5, 220.0]}, {"type": "spawners", "variant": 2, "pos": [707.5, 219.5]}, {"type": "spawners", "variant": 2, "pos": [879.0, 219.0]}, {"type": "spawners", "variant": 0, "pos": [233.5, 233.5]}, {"type": "large_decor", "variant": 0, "pos": [641.5, 279.0]}, {"type": "large_decor", "variant": 2, "pos": [867.0, 246.5]}, {"type": "large_decor", "variant": 2, "pos": [872.5, 250.5]}, {"type": "large_decor", "variant": 2, "pos": [865.5, 251.0]}, {"type": "large_decor", "variant": 7, "pos": [736.5, 233.0]}, {"type": "large_decor", "variant": 10, "pos": [506.5, 203.5]}, {"type": "large_decor", "variant": 11, "pos": [321.0, 247.5]}, {"type": "large_decor", "variant": 6, "pos": [402.5, 78.0]}, {"type": "large_decor", "variant": 5, "pos": [272.5, 162.5]}]}