{"tilemap": {"16;15": {"type": "grass", "variant": 0, "pos": [16, 15]}, "17;14": {"type": "grass", "variant": 0, "pos": [17, 14]}, "18;14": {"type": "grass", "variant": 1, "pos": [18, 14]}, "19;14": {"type": "grass", "variant": 1, "pos": [19, 14]}, "20;14": {"type": "grass", "variant": 1, "pos": [20, 14]}, "21;14": {"type": "grass", "variant": 1, "pos": [21, 14]}, "22;14": {"type": "grass", "variant": 1, "pos": [22, 14]}, "23;14": {"type": "grass", "variant": 1, "pos": [23, 14]}, "24;14": {"type": "grass", "variant": 1, "pos": [24, 14]}, "25;14": {"type": "grass", "variant": 1, "pos": [25, 14]}, "26;14": {"type": "grass", "variant": 1, "pos": [26, 14]}, "27;14": {"type": "grass", "variant": 1, "pos": [27, 14]}, "28;14": {"type": "grass", "variant": 1, "pos": [28, 14]}, "29;14": {"type": "grass", "variant": 1, "pos": [29, 14]}, "30;14": {"type": "grass", "variant": 2, "pos": [30, 14]}, "30;15": {"type": "grass", "variant": 8, "pos": [30, 15]}, "31;15": {"type": "grass", "variant": 2, "pos": [31, 15]}, "30;16": {"type": "grass", "variant": 5, "pos": [30, 16]}, "29;16": {"type": "grass", "variant": 8, "pos": [29, 16]}, "28;16": {"type": "grass", "variant": 8, "pos": [28, 16]}, "27;16": {"type": "grass", "variant": 8, "pos": [27, 16]}, "26;16": {"type": "grass", "variant": 8, "pos": [26, 16]}, "25;16": {"type": "grass", "variant": 8, "pos": [25, 16]}, "24;16": {"type": "grass", "variant": 8, "pos": [24, 16]}, "23;16": {"type": "grass", "variant": 8, "pos": [23, 16]}, "22;16": {"type": "grass", "variant": 8, "pos": [22, 16]}, "21;16": {"type": "grass", "variant": 8, "pos": [21, 16]}, "20;16": {"type": "grass", "variant": 8, "pos": [20, 16]}, "19;16": {"type": "grass", "variant": 8, "pos": [19, 16]}, "18;16": {"type": "grass", "variant": 8, "pos": [18, 16]}, "17;16": {"type": "grass", "variant": 5, "pos": [17, 16]}, "16;16": {"type": "grass", "variant": 6, "pos": [16, 16]}, "24;15": {"type": "grass", "variant": 8, "pos": [24, 15]}, "25;15": {"type": "grass", "variant": 8, "pos": [25, 15]}, "26;15": {"type": "grass", "variant": 8, "pos": [26, 15]}, "27;15": {"type": "grass", "variant": 8, "pos": [27, 15]}, "28;15": {"type": "grass", "variant": 8, "pos": [28, 15]}, "29;15": {"type": "grass", "variant": 8, "pos": [29, 15]}, "23;15": {"type": "grass", "variant": 8, "pos": [23, 15]}, "22;15": {"type": "grass", "variant": 8, "pos": [22, 15]}, "21;15": {"type": "grass", "variant": 8, "pos": [21, 15]}, "20;15": {"type": "grass", "variant": 8, "pos": [20, 15]}, "19;15": {"type": "grass", "variant": 8, "pos": [19, 15]}, "18;15": {"type": "grass", "variant": 8, "pos": [18, 15]}, "17;15": {"type": "grass", "variant": 8, "pos": [17, 15]}, "31;16": {"type": "grass", "variant": 4, "pos": [31, 16]}, "18;17": {"type": "grass", "variant": 6, "pos": [18, 17]}, "19;17": {"type": "grass", "variant": 5, "pos": [19, 17]}, "20;17": {"type": "grass", "variant": 5, "pos": [20, 17]}, "21;17": {"type": "grass", "variant": 5, "pos": [21, 17]}, "22;17": {"type": "grass", "variant": 5, "pos": [22, 17]}, "23;17": {"type": "grass", "variant": 5, "pos": [23, 17]}, "24;17": {"type": "grass", "variant": 5, "pos": [24, 17]}, "25;17": {"type": "grass", "variant": 5, "pos": [25, 17]}, "26;17": {"type": "grass", "variant": 5, "pos": [26, 17]}, "27;17": {"type": "grass", "variant": 5, "pos": [27, 17]}, "28;17": {"type": "grass", "variant": 5, "pos": [28, 17]}, "29;17": {"type": "grass", "variant": 4, "pos": [29, 17]}, "40;12": {"type": "stone", "variant": 2, "pos": [40, 12]}, "39;12": {"type": "stone", "variant": 1, "pos": [39, 12]}, "38;12": {"type": "stone", "variant": 1, "pos": [38, 12]}, "37;12": {"type": "stone", "variant": 1, "pos": [37, 12]}, "36;12": {"type": "stone", "variant": 0, "pos": [36, 12]}, "36;13": {"type": "stone", "variant": 8, "pos": [36, 13]}, "35;13": {"type": "stone", "variant": 0, "pos": [35, 13]}, "35;14": {"type": "stone", "variant": 6, "pos": [35, 14]}, "36;14": {"type": "stone", "variant": 5, "pos": [36, 14]}, "37;14": {"type": "stone", "variant": 5, "pos": [37, 14]}, "38;14": {"type": "stone", "variant": 5, "pos": [38, 14]}, "39;14": {"type": "stone", "variant": 5, "pos": [39, 14]}, "39;13": {"type": "stone", "variant": 8, "pos": [39, 13]}, "40;13": {"type": "stone", "variant": 8, "pos": [40, 13]}, "41;13": {"type": "stone", "variant": 1, "pos": [41, 13]}, "42;13": {"type": "stone", "variant": 1, "pos": [42, 13]}, "43;13": {"type": "stone", "variant": 1, "pos": [43, 13]}, "44;13": {"type": "stone", "variant": 1, "pos": [44, 13]}, "45;13": {"type": "stone", "variant": 1, "pos": [45, 13]}, "46;13": {"type": "stone", "variant": 2, "pos": [46, 13]}, "46;14": {"type": "stone", "variant": 4, "pos": [46, 14]}, "45;14": {"type": "stone", "variant": 5, "pos": [45, 14]}, "44;14": {"type": "stone", "variant": 5, "pos": [44, 14]}, "43;14": {"type": "stone", "variant": 5, "pos": [43, 14]}, "42;14": {"type": "stone", "variant": 5, "pos": [42, 14]}, "41;14": {"type": "stone", "variant": 5, "pos": [41, 14]}, "40;14": {"type": "stone", "variant": 5, "pos": [40, 14]}, "38;13": {"type": "stone", "variant": 8, "pos": [38, 13]}, "37;13": {"type": "stone", "variant": 8, "pos": [37, 13]}, "60;21": {"type": "stone", "variant": 8, "pos": [60, 21]}, "60;20": {"type": "stone", "variant": 2, "pos": [60, 20]}, "59;20": {"type": "stone", "variant": 1, "pos": [59, 20]}, "58;20": {"type": "stone", "variant": 1, "pos": [58, 20]}, "57;20": {"type": "stone", "variant": 1, "pos": [57, 20]}, "56;20": {"type": "stone", "variant": 1, "pos": [56, 20]}, "55;20": {"type": "stone", "variant": 1, "pos": [55, 20]}, "54;20": {"type": "stone", "variant": 1, "pos": [54, 20]}, "53;20": {"type": "stone", "variant": 1, "pos": [53, 20]}, "52;20": {"type": "stone", "variant": 0, "pos": [52, 20]}, "52;21": {"type": "stone", "variant": 8, "pos": [52, 21]}, "51;21": {"type": "stone", "variant": 0, "pos": [51, 21]}, "51;22": {"type": "stone", "variant": 6, "pos": [51, 22]}, "52;22": {"type": "stone", "variant": 5, "pos": [52, 22]}, "53;22": {"type": "stone", "variant": 5, "pos": [53, 22]}, "54;22": {"type": "stone", "variant": 5, "pos": [54, 22]}, "55;22": {"type": "stone", "variant": 5, "pos": [55, 22]}, "56;22": {"type": "stone", "variant": 5, "pos": [56, 22]}, "57;22": {"type": "stone", "variant": 5, "pos": [57, 22]}, "58;21": {"type": "stone", "variant": 8, "pos": [58, 21]}, "59;21": {"type": "stone", "variant": 8, "pos": [59, 21]}, "61;21": {"type": "stone", "variant": 2, "pos": [61, 21]}, "57;21": {"type": "stone", "variant": 8, "pos": [57, 21]}, "56;21": {"type": "stone", "variant": 8, "pos": [56, 21]}, "55;21": {"type": "stone", "variant": 8, "pos": [55, 21]}, "54;21": {"type": "stone", "variant": 8, "pos": [54, 21]}, "53;21": {"type": "stone", "variant": 8, "pos": [53, 21]}, "58;22": {"type": "stone", "variant": 5, "pos": [58, 22]}, "59;22": {"type": "stone", "variant": 5, "pos": [59, 22]}, "60;22": {"type": "stone", "variant": 4, "pos": [60, 22]}, "37;25": {"type": "grass", "variant": 1, "pos": [37, 25]}, "36;25": {"type": "grass", "variant": 1, "pos": [36, 25]}, "35;24": {"type": "grass", "variant": 2, "pos": [35, 24]}, "34;24": {"type": "grass", "variant": 1, "pos": [34, 24]}, "33;24": {"type": "grass", "variant": 1, "pos": [33, 24]}, "32;24": {"type": "grass", "variant": 0, "pos": [32, 24]}, "32;25": {"type": "grass", "variant": 8, "pos": [32, 25]}, "31;25": {"type": "grass", "variant": 1, "pos": [31, 25]}, "30;25": {"type": "grass", "variant": 1, "pos": [30, 25]}, "29;25": {"type": "grass", "variant": 1, "pos": [29, 25]}, "28;25": {"type": "grass", "variant": 0, "pos": [28, 25]}, "28;26": {"type": "grass", "variant": 6, "pos": [28, 26]}, "29;26": {"type": "grass", "variant": 5, "pos": [29, 26]}, "30;26": {"type": "grass", "variant": 5, "pos": [30, 26]}, "31;26": {"type": "grass", "variant": 8, "pos": [31, 26]}, "31;27": {"type": "grass", "variant": 6, "pos": [31, 27]}, "32;27": {"type": "grass", "variant": 5, "pos": [32, 27]}, "33;27": {"type": "grass", "variant": 5, "pos": [33, 27]}, "34;27": {"type": "grass", "variant": 5, "pos": [34, 27]}, "35;27": {"type": "grass", "variant": 5, "pos": [35, 27]}, "36;27": {"type": "grass", "variant": 4, "pos": [36, 27]}, "37;26": {"type": "grass", "variant": 5, "pos": [37, 26]}, "38;26": {"type": "grass", "variant": 5, "pos": [38, 26]}, "39;26": {"type": "grass", "variant": 5, "pos": [39, 26]}, "38;25": {"type": "grass", "variant": 1, "pos": [38, 25]}, "35;25": {"type": "grass", "variant": 8, "pos": [35, 25]}, "34;25": {"type": "grass", "variant": 8, "pos": [34, 25]}, "33;25": {"type": "grass", "variant": 8, "pos": [33, 25]}, "32;26": {"type": "grass", "variant": 8, "pos": [32, 26]}, "33;26": {"type": "grass", "variant": 8, "pos": [33, 26]}, "34;26": {"type": "grass", "variant": 8, "pos": [34, 26]}, "35;26": {"type": "grass", "variant": 8, "pos": [35, 26]}, "36;26": {"type": "grass", "variant": 8, "pos": [36, 26]}, "39;25": {"type": "grass", "variant": 1, "pos": [39, 25]}, "40;26": {"type": "grass", "variant": 5, "pos": [40, 26]}, "41;26": {"type": "grass", "variant": 4, "pos": [41, 26]}, "40;25": {"type": "grass", "variant": 1, "pos": [40, 25]}, "41;25": {"type": "grass", "variant": 2, "pos": [41, 25]}, "25;13": {"type": "decor", "variant": 1, "pos": [25, 13]}, "16;14": {"type": "decor", "variant": 2, "pos": [16, 14]}, "19;13": {"type": "decor", "variant": 2, "pos": [19, 13]}}, "tile_size": 16, "offgrid": [{"type": "spawners", "variant": 0, "pos": [346.0, 186.5]}, {"type": "spawners", "variant": 1, "pos": [708.0, 173.5]}, {"type": "spawners", "variant": 2, "pos": [527.0, 348.0]}, {"type": "spawners", "variant": 1, "pos": [883.5, 284.0]}, {"type": "large_decor", "variant": 0, "pos": [597.5, 185.0]}, {"type": "large_decor", "variant": 2, "pos": [654.5, 203.5]}, {"type": "large_decor", "variant": 7, "pos": [949.5, 296.0]}, {"type": "large_decor", "variant": 9, "pos": [818.5, 286.0]}, {"type": "large_decor", "variant": 1, "pos": [495.5, 233.0]}, {"type": "large_decor", "variant": 3, "pos": [576.5, 326.0]}, {"type": "large_decor", "variant": 6, "pos": [367.5, 46.5]}, {"type": "large_decor", "variant": 7, "pos": [306.5, 174.5]}, {"type": "large_decor", "variant": 5, "pos": [243.5, 114.5]}, {"type": "decor", "variant": 3, "pos": [395.5, 209.0]}, {"type": "decor", "variant": 0, "pos": [386.5, 208.5]}, {"type": "large_decor", "variant": 10, "pos": [445.0, 331.0]}]}