{"tilemap": {"18;16": {"type": "grass", "variant": 0, "pos": [18, 16]}, "19;16": {"type": "grass", "variant": 1, "pos": [19, 16]}, "20;16": {"type": "grass", "variant": 1, "pos": [20, 16]}, "21;16": {"type": "grass", "variant": 1, "pos": [21, 16]}, "22;16": {"type": "grass", "variant": 1, "pos": [22, 16]}, "24;16": {"type": "grass", "variant": 1, "pos": [24, 16]}, "25;16": {"type": "grass", "variant": 8, "pos": [25, 16]}, "25;15": {"type": "grass", "variant": 0, "pos": [25, 15]}, "26;15": {"type": "grass", "variant": 1, "pos": [26, 15]}, "27;15": {"type": "grass", "variant": 1, "pos": [27, 15]}, "28;15": {"type": "grass", "variant": 1, "pos": [28, 15]}, "29;15": {"type": "grass", "variant": 1, "pos": [29, 15]}, "30;15": {"type": "grass", "variant": 1, "pos": [30, 15]}, "31;15": {"type": "grass", "variant": 2, "pos": [31, 15]}, "31;16": {"type": "grass", "variant": 5, "pos": [31, 16]}, "32;16": {"type": "grass", "variant": 1, "pos": [32, 16]}, "33;16": {"type": "grass", "variant": 2, "pos": [33, 16]}, "30;16": {"type": "grass", "variant": 8, "pos": [30, 16]}, "29;16": {"type": "grass", "variant": 8, "pos": [29, 16]}, "28;16": {"type": "grass", "variant": 8, "pos": [28, 16]}, "27;16": {"type": "grass", "variant": 8, "pos": [27, 16]}, "26;16": {"type": "grass", "variant": 8, "pos": [26, 16]}, "23;16": {"type": "grass", "variant": 1, "pos": [23, 16]}, "21;17": {"type": "grass", "variant": 5, "pos": [21, 17]}, "20;17": {"type": "grass", "variant": 5, "pos": [20, 17]}, "19;17": {"type": "grass", "variant": 6, "pos": [19, 17]}, "22;17": {"type": "grass", "variant": 5, "pos": [22, 17]}, "23;17": {"type": "grass", "variant": 5, "pos": [23, 17]}, "24;17": {"type": "grass", "variant": 5, "pos": [24, 17]}, "25;17": {"type": "grass", "variant": 5, "pos": [25, 17]}, "26;17": {"type": "grass", "variant": 5, "pos": [26, 17]}, "27;17": {"type": "grass", "variant": 5, "pos": [27, 17]}, "28;17": {"type": "grass", "variant": 5, "pos": [28, 17]}, "29;17": {"type": "grass", "variant": 5, "pos": [29, 17]}, "30;17": {"type": "grass", "variant": 4, "pos": [30, 17]}, "36;16": {"type": "stone", "variant": 0, "pos": [36, 16]}, "37;16": {"type": "stone", "variant": 1, "pos": [37, 16]}, "38;16": {"type": "stone", "variant": 1, "pos": [38, 16]}, "39;16": {"type": "stone", "variant": 8, "pos": [39, 16]}, "39;15": {"type": "stone", "variant": 0, "pos": [39, 15]}, "40;15": {"type": "stone", "variant": 1, "pos": [40, 15]}, "41;15": {"type": "stone", "variant": 1, "pos": [41, 15]}, "42;15": {"type": "stone", "variant": 1, "pos": [42, 15]}, "43;15": {"type": "stone", "variant": 1, "pos": [43, 15]}, "44;16": {"type": "stone", "variant": 8, "pos": [44, 16]}, "45;16": {"type": "stone", "variant": 8, "pos": [45, 16]}, "43;16": {"type": "stone", "variant": 8, "pos": [43, 16]}, "42;16": {"type": "stone", "variant": 8, "pos": [42, 16]}, "41;16": {"type": "stone", "variant": 8, "pos": [41, 16]}, "40;16": {"type": "stone", "variant": 8, "pos": [40, 16]}, "36;17": {"type": "stone", "variant": 6, "pos": [36, 17]}, "37;17": {"type": "stone", "variant": 5, "pos": [37, 17]}, "38;17": {"type": "stone", "variant": 8, "pos": [38, 17]}, "39;17": {"type": "stone", "variant": 8, "pos": [39, 17]}, "40;17": {"type": "stone", "variant": 8, "pos": [40, 17]}, "41;17": {"type": "stone", "variant": 8, "pos": [41, 17]}, "42;17": {"type": "stone", "variant": 8, "pos": [42, 17]}, "43;17": {"type": "stone", "variant": 8, "pos": [43, 17]}, "44;17": {"type": "stone", "variant": 8, "pos": [44, 17]}, "45;17": {"type": "stone", "variant": 8, "pos": [45, 17]}, "41;18": {"type": "stone", "variant": 5, "pos": [41, 18]}, "40;18": {"type": "stone", "variant": 5, "pos": [40, 18]}, "42;18": {"type": "stone", "variant": 5, "pos": [42, 18]}, "43;18": {"type": "stone", "variant": 5, "pos": [43, 18]}, "39;18": {"type": "stone", "variant": 5, "pos": [39, 18]}, "38;18": {"type": "stone", "variant": 6, "pos": [38, 18]}, "44;18": {"type": "stone", "variant": 5, "pos": [44, 18]}, "45;15": {"type": "stone", "variant": 1, "pos": [45, 15]}, "46;15": {"type": "stone", "variant": 1, "pos": [46, 15]}, "47;15": {"type": "stone", "variant": 1, "pos": [47, 15]}, "48;15": {"type": "stone", "variant": 2, "pos": [48, 15]}, "44;15": {"type": "stone", "variant": 1, "pos": [44, 15]}, "46;16": {"type": "stone", "variant": 8, "pos": [46, 16]}, "47;16": {"type": "stone", "variant": 8, "pos": [47, 16]}, "48;16": {"type": "stone", "variant": 8, "pos": [48, 16]}, "48;17": {"type": "stone", "variant": 5, "pos": [48, 17]}, "47;17": {"type": "stone", "variant": 8, "pos": [47, 17]}, "46;17": {"type": "stone", "variant": 8, "pos": [46, 17]}, "49;17": {"type": "stone", "variant": 4, "pos": [49, 17]}, "49;16": {"type": "stone", "variant": 2, "pos": [49, 16]}, "45;18": {"type": "stone", "variant": 5, "pos": [45, 18]}, "46;18": {"type": "stone", "variant": 5, "pos": [46, 18]}, "47;18": {"type": "stone", "variant": 4, "pos": [47, 18]}, "49;11": {"type": "stone", "variant": 6, "pos": [49, 11]}, "50;11": {"type": "stone", "variant": 5, "pos": [50, 11]}, "51;11": {"type": "stone", "variant": 5, "pos": [51, 11]}, "52;11": {"type": "stone", "variant": 4, "pos": [52, 11]}, "52;10": {"type": "stone", "variant": 8, "pos": [52, 10]}, "52;9": {"type": "stone", "variant": 8, "pos": [52, 9]}, "52;8": {"type": "stone", "variant": 8, "pos": [52, 8]}, "51;8": {"type": "stone", "variant": 8, "pos": [51, 8]}, "50;8": {"type": "stone", "variant": 8, "pos": [50, 8]}, "50;9": {"type": "stone", "variant": 8, "pos": [50, 9]}, "50;10": {"type": "stone", "variant": 8, "pos": [50, 10]}, "51;10": {"type": "stone", "variant": 8, "pos": [51, 10]}, "51;9": {"type": "stone", "variant": 8, "pos": [51, 9]}, "49;10": {"type": "stone", "variant": 7, "pos": [49, 10]}, "49;9": {"type": "stone", "variant": 7, "pos": [49, 9]}, "49;8": {"type": "stone", "variant": 7, "pos": [49, 8]}, "52;7": {"type": "stone", "variant": 8, "pos": [52, 7]}, "53;7": {"type": "stone", "variant": 8, "pos": [53, 7]}, "53;6": {"type": "stone", "variant": 8, "pos": [53, 6]}, "54;6": {"type": "stone", "variant": 8, "pos": [54, 6]}, "55;6": {"type": "stone", "variant": 8, "pos": [55, 6]}, "56;6": {"type": "stone", "variant": 8, "pos": [56, 6]}, "56;7": {"type": "stone", "variant": 8, "pos": [56, 7]}, "56;8": {"type": "stone", "variant": 8, "pos": [56, 8]}, "55;8": {"type": "stone", "variant": 8, "pos": [55, 8]}, "54;8": {"type": "stone", "variant": 8, "pos": [54, 8]}, "54;9": {"type": "stone", "variant": 8, "pos": [54, 9]}, "53;9": {"type": "stone", "variant": 8, "pos": [53, 9]}, "53;8": {"type": "stone", "variant": 8, "pos": [53, 8]}, "55;7": {"type": "stone", "variant": 8, "pos": [55, 7]}, "55;9": {"type": "stone", "variant": 8, "pos": [55, 9]}, "54;10": {"type": "stone", "variant": 5, "pos": [54, 10]}, "53;10": {"type": "stone", "variant": 5, "pos": [53, 10]}, "57;8": {"type": "stone", "variant": 8, "pos": [57, 8]}, "58;8": {"type": "stone", "variant": 5, "pos": [58, 8]}, "59;8": {"type": "stone", "variant": 4, "pos": [59, 8]}, "57;9": {"type": "stone", "variant": 4, "pos": [57, 9]}, "56;9": {"type": "stone", "variant": 5, "pos": [56, 9]}, "55;10": {"type": "stone", "variant": 4, "pos": [55, 10]}, "54;7": {"type": "stone", "variant": 8, "pos": [54, 7]}, "57;7": {"type": "stone", "variant": 8, "pos": [57, 7]}, "58;6": {"type": "stone", "variant": 8, "pos": [58, 6]}, "58;7": {"type": "stone", "variant": 8, "pos": [58, 7]}, "59;7": {"type": "stone", "variant": 8, "pos": [59, 7]}, "60;7": {"type": "stone", "variant": 5, "pos": [60, 7]}, "61;6": {"type": "stone", "variant": 8, "pos": [61, 6]}, "61;7": {"type": "stone", "variant": 5, "pos": [61, 7]}, "57;6": {"type": "stone", "variant": 8, "pos": [57, 6]}, "59;6": {"type": "stone", "variant": 8, "pos": [59, 6]}, "60;6": {"type": "stone", "variant": 8, "pos": [60, 6]}, "62;6": {"type": "stone", "variant": 8, "pos": [62, 6]}, "51;7": {"type": "stone", "variant": 8, "pos": [51, 7]}, "50;7": {"type": "stone", "variant": 8, "pos": [50, 7]}, "52;6": {"type": "stone", "variant": 8, "pos": [52, 6]}, "51;6": {"type": "stone", "variant": 8, "pos": [51, 6]}, "49;7": {"type": "stone", "variant": 7, "pos": [49, 7]}, "49;6": {"type": "stone", "variant": 7, "pos": [49, 6]}, "50;6": {"type": "stone", "variant": 8, "pos": [50, 6]}, "49;5": {"type": "stone", "variant": 7, "pos": [49, 5]}, "50;5": {"type": "stone", "variant": 8, "pos": [50, 5]}, "50;4": {"type": "stone", "variant": 1, "pos": [50, 4]}, "51;4": {"type": "stone", "variant": 1, "pos": [51, 4]}, "52;4": {"type": "stone", "variant": 1, "pos": [52, 4]}, "53;4": {"type": "stone", "variant": 1, "pos": [53, 4]}, "54;4": {"type": "stone", "variant": 1, "pos": [54, 4]}, "55;4": {"type": "stone", "variant": 1, "pos": [55, 4]}, "56;4": {"type": "stone", "variant": 1, "pos": [56, 4]}, "57;4": {"type": "stone", "variant": 1, "pos": [57, 4]}, "58;4": {"type": "stone", "variant": 1, "pos": [58, 4]}, "59;4": {"type": "stone", "variant": 1, "pos": [59, 4]}, "60;4": {"type": "stone", "variant": 1, "pos": [60, 4]}, "61;4": {"type": "stone", "variant": 1, "pos": [61, 4]}, "62;4": {"type": "stone", "variant": 2, "pos": [62, 4]}, "62;5": {"type": "stone", "variant": 8, "pos": [62, 5]}, "61;5": {"type": "stone", "variant": 8, "pos": [61, 5]}, "60;5": {"type": "stone", "variant": 8, "pos": [60, 5]}, "59;5": {"type": "stone", "variant": 8, "pos": [59, 5]}, "58;5": {"type": "stone", "variant": 8, "pos": [58, 5]}, "52;5": {"type": "stone", "variant": 8, "pos": [52, 5]}, "53;5": {"type": "stone", "variant": 8, "pos": [53, 5]}, "54;5": {"type": "stone", "variant": 8, "pos": [54, 5]}, "55;5": {"type": "stone", "variant": 8, "pos": [55, 5]}, "56;5": {"type": "stone", "variant": 8, "pos": [56, 5]}, "57;5": {"type": "stone", "variant": 8, "pos": [57, 5]}, "51;5": {"type": "stone", "variant": 8, "pos": [51, 5]}, "49;4": {"type": "stone", "variant": 0, "pos": [49, 4]}, "45;4": {"type": "grass", "variant": 2, "pos": [45, 4]}, "45;5": {"type": "grass", "variant": 3, "pos": [45, 5]}, "45;6": {"type": "grass", "variant": 3, "pos": [45, 6]}, "45;7": {"type": "grass", "variant": 3, "pos": [45, 7]}, "45;8": {"type": "grass", "variant": 3, "pos": [45, 8]}, "45;9": {"type": "grass", "variant": 3, "pos": [45, 9]}, "45;10": {"type": "grass", "variant": 4, "pos": [45, 10]}, "44;10": {"type": "grass", "variant": 6, "pos": [44, 10]}, "43;9": {"type": "grass", "variant": 6, "pos": [43, 9]}, "43;8": {"type": "grass", "variant": 8, "pos": [43, 8]}, "43;7": {"type": "grass", "variant": 8, "pos": [43, 7]}, "43;6": {"type": "grass", "variant": 8, "pos": [43, 6]}, "43;5": {"type": "grass", "variant": 8, "pos": [43, 5]}, "44;5": {"type": "grass", "variant": 8, "pos": [44, 5]}, "44;6": {"type": "grass", "variant": 8, "pos": [44, 6]}, "44;8": {"type": "grass", "variant": 8, "pos": [44, 8]}, "44;9": {"type": "grass", "variant": 8, "pos": [44, 9]}, "44;7": {"type": "grass", "variant": 8, "pos": [44, 7]}, "44;4": {"type": "grass", "variant": 1, "pos": [44, 4]}, "43;4": {"type": "grass", "variant": 1, "pos": [43, 4]}, "42;4": {"type": "grass", "variant": 1, "pos": [42, 4]}, "41;4": {"type": "grass", "variant": 1, "pos": [41, 4]}, "40;4": {"type": "grass", "variant": 1, "pos": [40, 4]}, "39;4": {"type": "grass", "variant": 1, "pos": [39, 4]}, "39;5": {"type": "grass", "variant": 8, "pos": [39, 5]}, "38;5": {"type": "grass", "variant": 8, "pos": [38, 5]}, "38;6": {"type": "grass", "variant": 8, "pos": [38, 6]}, "39;6": {"type": "grass", "variant": 8, "pos": [39, 6]}, "40;6": {"type": "grass", "variant": 8, "pos": [40, 6]}, "41;7": {"type": "grass", "variant": 8, "pos": [41, 7]}, "42;7": {"type": "grass", "variant": 8, "pos": [42, 7]}, "42;8": {"type": "grass", "variant": 5, "pos": [42, 8]}, "41;8": {"type": "grass", "variant": 5, "pos": [41, 8]}, "40;7": {"type": "grass", "variant": 8, "pos": [40, 7]}, "37;6": {"type": "grass", "variant": 8, "pos": [37, 6]}, "36;6": {"type": "grass", "variant": 8, "pos": [36, 6]}, "35;6": {"type": "grass", "variant": 8, "pos": [35, 6]}, "35;7": {"type": "grass", "variant": 8, "pos": [35, 7]}, "36;7": {"type": "grass", "variant": 8, "pos": [36, 7]}, "41;6": {"type": "grass", "variant": 8, "pos": [41, 6]}, "42;6": {"type": "grass", "variant": 8, "pos": [42, 6]}, "39;7": {"type": "grass", "variant": 8, "pos": [39, 7]}, "38;7": {"type": "grass", "variant": 8, "pos": [38, 7]}, "37;7": {"type": "grass", "variant": 8, "pos": [37, 7]}, "42;5": {"type": "grass", "variant": 8, "pos": [42, 5]}, "41;5": {"type": "grass", "variant": 8, "pos": [41, 5]}, "40;5": {"type": "grass", "variant": 8, "pos": [40, 5]}, "38;4": {"type": "grass", "variant": 1, "pos": [38, 4]}, "37;4": {"type": "grass", "variant": 1, "pos": [37, 4]}, "36;4": {"type": "grass", "variant": 0, "pos": [36, 4]}, "37;5": {"type": "grass", "variant": 8, "pos": [37, 5]}, "36;5": {"type": "grass", "variant": 8, "pos": [36, 5]}, "35;5": {"type": "grass", "variant": 1, "pos": [35, 5]}, "34;5": {"type": "grass", "variant": 1, "pos": [34, 5]}, "33;5": {"type": "grass", "variant": 1, "pos": [33, 5]}, "32;5": {"type": "grass", "variant": 0, "pos": [32, 5]}, "34;6": {"type": "grass", "variant": 8, "pos": [34, 6]}, "33;6": {"type": "grass", "variant": 8, "pos": [33, 6]}, "32;6": {"type": "grass", "variant": 8, "pos": [32, 6]}, "31;6": {"type": "grass", "variant": 1, "pos": [31, 6]}, "30;6": {"type": "grass", "variant": 1, "pos": [30, 6]}, "29;6": {"type": "grass", "variant": 1, "pos": [29, 6]}, "29;7": {"type": "grass", "variant": 8, "pos": [29, 7]}, "30;7": {"type": "grass", "variant": 8, "pos": [30, 7]}, "31;7": {"type": "grass", "variant": 8, "pos": [31, 7]}, "32;7": {"type": "grass", "variant": 8, "pos": [32, 7]}, "33;7": {"type": "grass", "variant": 8, "pos": [33, 7]}, "34;7": {"type": "grass", "variant": 8, "pos": [34, 7]}, "33;8": {"type": "grass", "variant": 5, "pos": [33, 8]}, "34;8": {"type": "grass", "variant": 5, "pos": [34, 8]}, "35;8": {"type": "grass", "variant": 5, "pos": [35, 8]}, "36;8": {"type": "grass", "variant": 5, "pos": [36, 8]}, "37;8": {"type": "grass", "variant": 5, "pos": [37, 8]}, "38;8": {"type": "grass", "variant": 5, "pos": [38, 8]}, "39;8": {"type": "grass", "variant": 5, "pos": [39, 8]}, "40;8": {"type": "grass", "variant": 5, "pos": [40, 8]}, "63;5": {"type": "stone", "variant": 1, "pos": [63, 5]}, "64;5": {"type": "stone", "variant": 1, "pos": [64, 5]}, "65;5": {"type": "stone", "variant": 1, "pos": [65, 5]}, "66;5": {"type": "stone", "variant": 1, "pos": [66, 5]}, "67;5": {"type": "stone", "variant": 2, "pos": [67, 5]}, "67;6": {"type": "stone", "variant": 4, "pos": [67, 6]}, "66;6": {"type": "stone", "variant": 5, "pos": [66, 6]}, "65;6": {"type": "stone", "variant": 8, "pos": [65, 6]}, "64;6": {"type": "stone", "variant": 8, "pos": [64, 6]}, "63;6": {"type": "stone", "variant": 8, "pos": [63, 6]}, "65;7": {"type": "stone", "variant": 4, "pos": [65, 7]}, "64;7": {"type": "stone", "variant": 5, "pos": [64, 7]}, "63;7": {"type": "stone", "variant": 5, "pos": [63, 7]}, "62;7": {"type": "stone", "variant": 5, "pos": [62, 7]}, "26;14": {"type": "decor", "variant": 0, "pos": [26, 14]}, "19;15": {"type": "decor", "variant": 0, "pos": [19, 15]}, "32;15": {"type": "decor", "variant": 1, "pos": [32, 15]}, "30;5": {"type": "decor", "variant": 2, "pos": [30, 5]}, "44;3": {"type": "decor", "variant": 1, "pos": [44, 3]}, "35;4": {"type": "decor", "variant": 0, "pos": [35, 4]}, "40;3": {"type": "decor", "variant": 0, "pos": [40, 3]}, "28;6": {"type": "grass", "variant": 1, "pos": [28, 6]}, "27;6": {"type": "grass", "variant": 8, "pos": [27, 6]}, "26;6": {"type": "grass", "variant": 8, "pos": [26, 6]}, "25;6": {"type": "grass", "variant": 8, "pos": [25, 6]}, "24;6": {"type": "grass", "variant": 8, "pos": [24, 6]}, "24;7": {"type": "grass", "variant": 5, "pos": [24, 7]}, "25;7": {"type": "grass", "variant": 5, "pos": [25, 7]}, "26;7": {"type": "grass", "variant": 8, "pos": [26, 7]}, "27;7": {"type": "grass", "variant": 8, "pos": [27, 7]}, "28;7": {"type": "grass", "variant": 8, "pos": [28, 7]}, "32;8": {"type": "grass", "variant": 5, "pos": [32, 8]}, "31;8": {"type": "grass", "variant": 5, "pos": [31, 8]}, "30;8": {"type": "grass", "variant": 5, "pos": [30, 8]}, "29;8": {"type": "grass", "variant": 5, "pos": [29, 8]}, "27;5": {"type": "grass", "variant": 2, "pos": [27, 5]}, "26;5": {"type": "grass", "variant": 1, "pos": [26, 5]}, "25;5": {"type": "grass", "variant": 1, "pos": [25, 5]}, "24;5": {"type": "grass", "variant": 1, "pos": [24, 5]}, "23;5": {"type": "grass", "variant": 1, "pos": [23, 5]}, "22;5": {"type": "grass", "variant": 1, "pos": [22, 5]}, "21;5": {"type": "grass", "variant": 1, "pos": [21, 5]}, "20;5": {"type": "grass", "variant": 1, "pos": [20, 5]}, "19;5": {"type": "grass", "variant": 1, "pos": [19, 5]}, "19;6": {"type": "grass", "variant": 5, "pos": [19, 6]}, "20;6": {"type": "grass", "variant": 8, "pos": [20, 6]}, "21;6": {"type": "grass", "variant": 8, "pos": [21, 6]}, "22;6": {"type": "grass", "variant": 8, "pos": [22, 6]}, "23;6": {"type": "grass", "variant": 8, "pos": [23, 6]}, "18;5": {"type": "grass", "variant": 1, "pos": [18, 5]}, "17;5": {"type": "grass", "variant": 8, "pos": [17, 5]}, "16;5": {"type": "grass", "variant": 8, "pos": [16, 5]}, "15;6": {"type": "grass", "variant": 5, "pos": [15, 6]}, "16;6": {"type": "grass", "variant": 5, "pos": [16, 6]}, "17;6": {"type": "grass", "variant": 5, "pos": [17, 6]}, "18;6": {"type": "grass", "variant": 5, "pos": [18, 6]}, "15;5": {"type": "grass", "variant": 8, "pos": [15, 5]}, "14;5": {"type": "grass", "variant": 7, "pos": [14, 5]}, "14;6": {"type": "grass", "variant": 6, "pos": [14, 6]}, "15;4": {"type": "grass", "variant": 1, "pos": [15, 4]}, "16;4": {"type": "grass", "variant": 1, "pos": [16, 4]}, "17;4": {"type": "grass", "variant": 2, "pos": [17, 4]}, "14;4": {"type": "grass", "variant": 0, "pos": [14, 4]}, "27;8": {"type": "grass", "variant": 5, "pos": [27, 8]}, "26;8": {"type": "grass", "variant": 6, "pos": [26, 8]}, "28;8": {"type": "grass", "variant": 5, "pos": [28, 8]}, "23;7": {"type": "grass", "variant": 5, "pos": [23, 7]}, "22;7": {"type": "grass", "variant": 5, "pos": [22, 7]}, "21;7": {"type": "grass", "variant": 5, "pos": [21, 7]}, "20;7": {"type": "grass", "variant": 6, "pos": [20, 7]}, "21;4": {"type": "decor", "variant": 0, "pos": [21, 4]}, "14;3": {"type": "decor", "variant": 1, "pos": [14, 3]}, "24;4": {"type": "decor", "variant": 3, "pos": [24, 4]}}, "tile_size": 16, "offgrid": [{"type": "spawners", "variant": 0, "pos": [322.5, 216.0]}, {"type": "spawners", "variant": 2, "pos": [687.5, 203.0]}, {"type": "large_decor", "variant": 0, "pos": [826.5, 56.5]}, {"type": "large_decor", "variant": 9, "pos": [1026.0, 31.0]}, {"type": "large_decor", "variant": 8, "pos": [583.5, 222.0]}, {"type": "large_decor", "variant": 7, "pos": [758.0, 232.5]}, {"type": "large_decor", "variant": 3, "pos": [417.0, 166.0]}, {"type": "large_decor", "variant": 6, "pos": [529.5, -114.0]}, {"type": "spawners", "variant": 1, "pos": [1026.0, 45.0]}, {"type": "spawners", "variant": 1, "pos": [517.0, 45.5]}, {"type": "spawners", "variant": 2, "pos": [254.5, 28.0]}]}