{"tilemap": {"15;18": {"type": "grass", "variant": 0, "pos": [15, 18]}, "16;17": {"type": "grass", "variant": 0, "pos": [16, 17]}, "17;17": {"type": "grass", "variant": 1, "pos": [17, 17]}, "18;17": {"type": "grass", "variant": 1, "pos": [18, 17]}, "19;16": {"type": "grass", "variant": 0, "pos": [19, 16]}, "21;16": {"type": "grass", "variant": 1, "pos": [21, 16]}, "22;16": {"type": "grass", "variant": 1, "pos": [22, 16]}, "24;16": {"type": "grass", "variant": 1, "pos": [24, 16]}, "26;15": {"type": "grass", "variant": 0, "pos": [26, 15]}, "28;15": {"type": "grass", "variant": 1, "pos": [28, 15]}, "29;15": {"type": "grass", "variant": 1, "pos": [29, 15]}, "31;15": {"type": "grass", "variant": 1, "pos": [31, 15]}, "32;15": {"type": "grass", "variant": 1, "pos": [32, 15]}, "33;15": {"type": "grass", "variant": 1, "pos": [33, 15]}, "34;15": {"type": "grass", "variant": 2, "pos": [34, 15]}, "35;16": {"type": "grass", "variant": 1, "pos": [35, 16]}, "36;16": {"type": "grass", "variant": 1, "pos": [36, 16]}, "37;16": {"type": "grass", "variant": 1, "pos": [37, 16]}, "38;16": {"type": "grass", "variant": 2, "pos": [38, 16]}, "34;16": {"type": "grass", "variant": 8, "pos": [34, 16]}, "32;16": {"type": "grass", "variant": 8, "pos": [32, 16]}, "31;16": {"type": "grass", "variant": 8, "pos": [31, 16]}, "30;16": {"type": "grass", "variant": 8, "pos": [30, 16]}, "28;16": {"type": "grass", "variant": 8, "pos": [28, 16]}, "27;16": {"type": "grass", "variant": 8, "pos": [27, 16]}, "26;16": {"type": "grass", "variant": 8, "pos": [26, 16]}, "25;16": {"type": "grass", "variant": 1, "pos": [25, 16]}, "23;16": {"type": "grass", "variant": 1, "pos": [23, 16]}, "20;17": {"type": "grass", "variant": 8, "pos": [20, 17]}, "19;17": {"type": "grass", "variant": 8, "pos": [19, 17]}, "21;17": {"type": "grass", "variant": 8, "pos": [21, 17]}, "22;17": {"type": "grass", "variant": 8, "pos": [22, 17]}, "23;17": {"type": "grass", "variant": 8, "pos": [23, 17]}, "24;17": {"type": "grass", "variant": 8, "pos": [24, 17]}, "25;17": {"type": "grass", "variant": 8, "pos": [25, 17]}, "26;17": {"type": "grass", "variant": 8, "pos": [26, 17]}, "27;17": {"type": "grass", "variant": 8, "pos": [27, 17]}, "28;17": {"type": "grass", "variant": 8, "pos": [28, 17]}, "29;17": {"type": "grass", "variant": 8, "pos": [29, 17]}, "30;17": {"type": "grass", "variant": 8, "pos": [30, 17]}, "31;17": {"type": "grass", "variant": 8, "pos": [31, 17]}, "32;17": {"type": "grass", "variant": 8, "pos": [32, 17]}, "33;17": {"type": "grass", "variant": 8, "pos": [33, 17]}, "34;17": {"type": "grass", "variant": 8, "pos": [34, 17]}, "35;17": {"type": "grass", "variant": 8, "pos": [35, 17]}, "36;17": {"type": "grass", "variant": 8, "pos": [36, 17]}, "37;17": {"type": "grass", "variant": 8, "pos": [37, 17]}, "38;17": {"type": "grass", "variant": 8, "pos": [38, 17]}, "39;17": {"type": "grass", "variant": 2, "pos": [39, 17]}, "33;16": {"type": "grass", "variant": 8, "pos": [33, 16]}, "29;16": {"type": "grass", "variant": 8, "pos": [29, 16]}, "30;15": {"type": "grass", "variant": 1, "pos": [30, 15]}, "27;15": {"type": "grass", "variant": 1, "pos": [27, 15]}, "20;16": {"type": "grass", "variant": 1, "pos": [20, 16]}, "17;18": {"type": "grass", "variant": 8, "pos": [17, 18]}, "16;18": {"type": "grass", "variant": 8, "pos": [16, 18]}, "18;18": {"type": "grass", "variant": 8, "pos": [18, 18]}, "19;18": {"type": "grass", "variant": 8, "pos": [19, 18]}, "20;18": {"type": "grass", "variant": 8, "pos": [20, 18]}, "21;18": {"type": "grass", "variant": 8, "pos": [21, 18]}, "22;18": {"type": "grass", "variant": 8, "pos": [22, 18]}, "23;18": {"type": "grass", "variant": 8, "pos": [23, 18]}, "24;18": {"type": "grass", "variant": 8, "pos": [24, 18]}, "25;18": {"type": "grass", "variant": 8, "pos": [25, 18]}, "26;18": {"type": "grass", "variant": 8, "pos": [26, 18]}, "18;19": {"type": "grass", "variant": 5, "pos": [18, 19]}, "17;19": {"type": "grass", "variant": 5, "pos": [17, 19]}, "16;19": {"type": "grass", "variant": 5, "pos": [16, 19]}, "19;19": {"type": "grass", "variant": 5, "pos": [19, 19]}, "20;19": {"type": "grass", "variant": 5, "pos": [20, 19]}, "21;19": {"type": "grass", "variant": 5, "pos": [21, 19]}, "22;19": {"type": "grass", "variant": 8, "pos": [22, 19]}, "23;19": {"type": "grass", "variant": 8, "pos": [23, 19]}, "24;19": {"type": "grass", "variant": 8, "pos": [24, 19]}, "25;19": {"type": "grass", "variant": 8, "pos": [25, 19]}, "26;19": {"type": "grass", "variant": 8, "pos": [26, 19]}, "27;19": {"type": "grass", "variant": 8, "pos": [27, 19]}, "28;18": {"type": "grass", "variant": 8, "pos": [28, 18]}, "29;18": {"type": "grass", "variant": 8, "pos": [29, 18]}, "30;18": {"type": "grass", "variant": 8, "pos": [30, 18]}, "31;19": {"type": "grass", "variant": 8, "pos": [31, 19]}, "32;19": {"type": "grass", "variant": 8, "pos": [32, 19]}, "33;19": {"type": "grass", "variant": 5, "pos": [33, 19]}, "34;19": {"type": "grass", "variant": 5, "pos": [34, 19]}, "27;18": {"type": "grass", "variant": 8, "pos": [27, 18]}, "28;19": {"type": "grass", "variant": 8, "pos": [28, 19]}, "29;19": {"type": "grass", "variant": 8, "pos": [29, 19]}, "30;19": {"type": "grass", "variant": 8, "pos": [30, 19]}, "33;18": {"type": "grass", "variant": 8, "pos": [33, 18]}, "32;18": {"type": "grass", "variant": 8, "pos": [32, 18]}, "34;18": {"type": "grass", "variant": 8, "pos": [34, 18]}, "31;18": {"type": "grass", "variant": 8, "pos": [31, 18]}, "35;19": {"type": "grass", "variant": 5, "pos": [35, 19]}, "36;19": {"type": "grass", "variant": 5, "pos": [36, 19]}, "37;19": {"type": "grass", "variant": 4, "pos": [37, 19]}, "35;18": {"type": "grass", "variant": 8, "pos": [35, 18]}, "36;18": {"type": "grass", "variant": 8, "pos": [36, 18]}, "37;18": {"type": "grass", "variant": 8, "pos": [37, 18]}, "38;18": {"type": "grass", "variant": 5, "pos": [38, 18]}, "32;20": {"type": "grass", "variant": 4, "pos": [32, 20]}, "31;20": {"type": "grass", "variant": 5, "pos": [31, 20]}, "30;20": {"type": "grass", "variant": 5, "pos": [30, 20]}, "23;20": {"type": "grass", "variant": 5, "pos": [23, 20]}, "22;20": {"type": "grass", "variant": 6, "pos": [22, 20]}, "24;20": {"type": "grass", "variant": 5, "pos": [24, 20]}, "25;20": {"type": "grass", "variant": 5, "pos": [25, 20]}, "26;20": {"type": "grass", "variant": 5, "pos": [26, 20]}, "27;20": {"type": "grass", "variant": 5, "pos": [27, 20]}, "28;20": {"type": "grass", "variant": 5, "pos": [28, 20]}, "29;20": {"type": "grass", "variant": 5, "pos": [29, 20]}, "39;18": {"type": "grass", "variant": 4, "pos": [39, 18]}, "15;19": {"type": "grass", "variant": 6, "pos": [15, 19]}, "44;13": {"type": "grass", "variant": 1, "pos": [44, 13]}, "44;14": {"type": "grass", "variant": 8, "pos": [44, 14]}, "43;14": {"type": "grass", "variant": 8, "pos": [43, 14]}, "42;14": {"type": "grass", "variant": 0, "pos": [42, 14]}, "42;15": {"type": "grass", "variant": 8, "pos": [42, 15]}, "41;15": {"type": "grass", "variant": 0, "pos": [41, 15]}, "42;16": {"type": "grass", "variant": 6, "pos": [42, 16]}, "43;16": {"type": "grass", "variant": 5, "pos": [43, 16]}, "44;16": {"type": "grass", "variant": 4, "pos": [44, 16]}, "44;15": {"type": "grass", "variant": 8, "pos": [44, 15]}, "45;15": {"type": "grass", "variant": 5, "pos": [45, 15]}, "46;15": {"type": "grass", "variant": 4, "pos": [46, 15]}, "46;14": {"type": "grass", "variant": 2, "pos": [46, 14]}, "45;13": {"type": "grass", "variant": 2, "pos": [45, 13]}, "43;13": {"type": "grass", "variant": 0, "pos": [43, 13]}, "43;15": {"type": "grass", "variant": 8, "pos": [43, 15]}, "45;14": {"type": "grass", "variant": 8, "pos": [45, 14]}, "52;12": {"type": "grass", "variant": 1, "pos": [52, 12]}, "51;12": {"type": "grass", "variant": 0, "pos": [51, 12]}, "50;13": {"type": "grass", "variant": 0, "pos": [50, 13]}, "50;14": {"type": "grass", "variant": 6, "pos": [50, 14]}, "51;14": {"type": "grass", "variant": 8, "pos": [51, 14]}, "52;14": {"type": "grass", "variant": 8, "pos": [52, 14]}, "52;13": {"type": "grass", "variant": 8, "pos": [52, 13]}, "51;13": {"type": "grass", "variant": 8, "pos": [51, 13]}, "53;12": {"type": "grass", "variant": 1, "pos": [53, 12]}, "53;13": {"type": "grass", "variant": 8, "pos": [53, 13]}, "53;14": {"type": "grass", "variant": 4, "pos": [53, 14]}, "51;15": {"type": "grass", "variant": 6, "pos": [51, 15]}, "52;15": {"type": "grass", "variant": 4, "pos": [52, 15]}, "54;12": {"type": "grass", "variant": 2, "pos": [54, 12]}, "54;13": {"type": "grass", "variant": 4, "pos": [54, 13]}, "58;13": {"type": "grass", "variant": 0, "pos": [58, 13]}, "59;13": {"type": "grass", "variant": 1, "pos": [59, 13]}, "60;13": {"type": "grass", "variant": 1, "pos": [60, 13]}, "61;13": {"type": "grass", "variant": 1, "pos": [61, 13]}, "62;13": {"type": "grass", "variant": 1, "pos": [62, 13]}, "63;13": {"type": "grass", "variant": 1, "pos": [63, 13]}, "64;13": {"type": "grass", "variant": 1, "pos": [64, 13]}, "65;13": {"type": "grass", "variant": 2, "pos": [65, 13]}, "65;14": {"type": "grass", "variant": 8, "pos": [65, 14]}, "64;14": {"type": "grass", "variant": 8, "pos": [64, 14]}, "63;14": {"type": "grass", "variant": 8, "pos": [63, 14]}, "62;14": {"type": "grass", "variant": 8, "pos": [62, 14]}, "61;14": {"type": "grass", "variant": 8, "pos": [61, 14]}, "60;14": {"type": "grass", "variant": 8, "pos": [60, 14]}, "59;14": {"type": "grass", "variant": 8, "pos": [59, 14]}, "58;14": {"type": "grass", "variant": 8, "pos": [58, 14]}, "57;14": {"type": "grass", "variant": 1, "pos": [57, 14]}, "56;14": {"type": "grass", "variant": 0, "pos": [56, 14]}, "59;15": {"type": "grass", "variant": 8, "pos": [59, 15]}, "60;15": {"type": "grass", "variant": 8, "pos": [60, 15]}, "61;15": {"type": "grass", "variant": 8, "pos": [61, 15]}, "62;15": {"type": "grass", "variant": 8, "pos": [62, 15]}, "58;15": {"type": "grass", "variant": 8, "pos": [58, 15]}, "57;15": {"type": "grass", "variant": 8, "pos": [57, 15]}, "56;15": {"type": "grass", "variant": 6, "pos": [56, 15]}, "63;15": {"type": "grass", "variant": 8, "pos": [63, 15]}, "64;15": {"type": "grass", "variant": 8, "pos": [64, 15]}, "65;15": {"type": "grass", "variant": 8, "pos": [65, 15]}, "66;15": {"type": "grass", "variant": 8, "pos": [66, 15]}, "67;15": {"type": "grass", "variant": 8, "pos": [67, 15]}, "67;16": {"type": "grass", "variant": 5, "pos": [67, 16]}, "68;16": {"type": "grass", "variant": 4, "pos": [68, 16]}, "68;15": {"type": "grass", "variant": 2, "pos": [68, 15]}, "67;14": {"type": "grass", "variant": 2, "pos": [67, 14]}, "66;14": {"type": "grass", "variant": 1, "pos": [66, 14]}, "66;16": {"type": "grass", "variant": 5, "pos": [66, 16]}, "65;16": {"type": "grass", "variant": 5, "pos": [65, 16]}, "64;16": {"type": "grass", "variant": 5, "pos": [64, 16]}, "63;16": {"type": "grass", "variant": 5, "pos": [63, 16]}, "62;16": {"type": "grass", "variant": 5, "pos": [62, 16]}, "61;16": {"type": "grass", "variant": 5, "pos": [61, 16]}, "60;16": {"type": "grass", "variant": 5, "pos": [60, 16]}, "59;16": {"type": "grass", "variant": 5, "pos": [59, 16]}, "58;16": {"type": "grass", "variant": 5, "pos": [58, 16]}, "57;16": {"type": "grass", "variant": 6, "pos": [57, 16]}, "52;11": {"type": "decor", "variant": 0, "pos": [52, 11]}, "42;13": {"type": "decor", "variant": 1, "pos": [42, 13]}, "31;14": {"type": "decor", "variant": 2, "pos": [31, 14]}, "21;15": {"type": "decor", "variant": 0, "pos": [21, 15]}, "38;15": {"type": "decor", "variant": 1, "pos": [38, 15]}, "24;15": {"type": "decor", "variant": 3, "pos": [24, 15]}, "46;13": {"type": "decor", "variant": 3, "pos": [46, 13]}}, "tile_size": 16, "offgrid": [{"type": "spawners", "variant": 2, "pos": [582.5, 221.0]}, {"type": "spawners", "variant": 1, "pos": [423.5, 206.5]}, {"type": "spawners", "variant": 1, "pos": [518.5, 206.0]}, {"type": "spawners", "variant": 0, "pos": [258.0, 235.0]}, {"type": "spawners", "variant": 2, "pos": [914.5, 189.5]}, {"type": "large_decor", "variant": 1, "pos": [900.5, 214.0]}, {"type": "large_decor", "variant": 6, "pos": [919.5, 30.5]}, {"type": "large_decor", "variant": 5, "pos": [665.0, 98.0]}, {"type": "large_decor", "variant": 4, "pos": [281.5, 126.0]}, {"type": "large_decor", "variant": 2, "pos": [475.5, 234.0]}, {"type": "large_decor", "variant": 2, "pos": [860.5, 186.5]}, {"type": "spawners", "variant": 1, "pos": [985.0, 172.5]}, {"type": "spawners", "variant": 1, "pos": [1030.5, 172.5]}]}