{"tilemap": {"28;17": {"type": "stone", "variant": 4, "pos": [28, 17]}, "28;16": {"type": "stone", "variant": 2, "pos": [28, 16]}, "27;16": {"type": "stone", "variant": 8, "pos": [27, 16]}, "26;16": {"type": "stone", "variant": 8, "pos": [26, 16]}, "25;15": {"type": "stone", "variant": 1, "pos": [25, 15]}, "24;15": {"type": "stone", "variant": 1, "pos": [24, 15]}, "22;15": {"type": "stone", "variant": 1, "pos": [22, 15]}, "21;15": {"type": "stone", "variant": 1, "pos": [21, 15]}, "20;15": {"type": "stone", "variant": 1, "pos": [20, 15]}, "18;15": {"type": "stone", "variant": 1, "pos": [18, 15]}, "17;15": {"type": "stone", "variant": 0, "pos": [17, 15]}, "15;16": {"type": "stone", "variant": 1, "pos": [15, 16]}, "14;16": {"type": "stone", "variant": 1, "pos": [14, 16]}, "13;16": {"type": "stone", "variant": 1, "pos": [13, 16]}, "12;16": {"type": "stone", "variant": 1, "pos": [12, 16]}, "11;16": {"type": "stone", "variant": 0, "pos": [11, 16]}, "10;17": {"type": "stone", "variant": 0, "pos": [10, 17]}, "11;17": {"type": "stone", "variant": 5, "pos": [11, 17]}, "12;17": {"type": "stone", "variant": 5, "pos": [12, 17]}, "16;16": {"type": "stone", "variant": 1, "pos": [16, 16]}, "18;16": {"type": "stone", "variant": 8, "pos": [18, 16]}, "20;16": {"type": "stone", "variant": 8, "pos": [20, 16]}, "26;15": {"type": "stone", "variant": 1, "pos": [26, 15]}, "27;15": {"type": "stone", "variant": 2, "pos": [27, 15]}, "26;17": {"type": "stone", "variant": 5, "pos": [26, 17]}, "25;17": {"type": "stone", "variant": 5, "pos": [25, 17]}, "24;17": {"type": "stone", "variant": 5, "pos": [24, 17]}, "23;18": {"type": "stone", "variant": 4, "pos": [23, 18]}, "22;18": {"type": "stone", "variant": 5, "pos": [22, 18]}, "21;18": {"type": "stone", "variant": 5, "pos": [21, 18]}, "20;18": {"type": "stone", "variant": 6, "pos": [20, 18]}, "19;17": {"type": "stone", "variant": 5, "pos": [19, 17]}, "19;16": {"type": "stone", "variant": 8, "pos": [19, 16]}, "21;16": {"type": "stone", "variant": 8, "pos": [21, 16]}, "22;16": {"type": "stone", "variant": 8, "pos": [22, 16]}, "23;16": {"type": "stone", "variant": 8, "pos": [23, 16]}, "24;16": {"type": "stone", "variant": 8, "pos": [24, 16]}, "25;16": {"type": "stone", "variant": 8, "pos": [25, 16]}, "21;17": {"type": "stone", "variant": 8, "pos": [21, 17]}, "22;17": {"type": "stone", "variant": 8, "pos": [22, 17]}, "23;17": {"type": "stone", "variant": 8, "pos": [23, 17]}, "20;17": {"type": "stone", "variant": 8, "pos": [20, 17]}, "23;15": {"type": "stone", "variant": 1, "pos": [23, 15]}, "19;15": {"type": "stone", "variant": 1, "pos": [19, 15]}, "17;16": {"type": "stone", "variant": 8, "pos": [17, 16]}, "18;17": {"type": "stone", "variant": 5, "pos": [18, 17]}, "17;17": {"type": "stone", "variant": 5, "pos": [17, 17]}, "16;17": {"type": "stone", "variant": 5, "pos": [16, 17]}, "15;17": {"type": "stone", "variant": 5, "pos": [15, 17]}, "14;17": {"type": "stone", "variant": 5, "pos": [14, 17]}, "13;17": {"type": "stone", "variant": 5, "pos": [13, 17]}, "27;17": {"type": "stone", "variant": 5, "pos": [27, 17]}, "36;19": {"type": "grass", "variant": 2, "pos": [36, 19]}, "35;19": {"type": "grass", "variant": 1, "pos": [35, 19]}, "34;19": {"type": "grass", "variant": 1, "pos": [34, 19]}, "33;19": {"type": "grass", "variant": 0, "pos": [33, 19]}, "33;20": {"type": "grass", "variant": 8, "pos": [33, 20]}, "32;20": {"type": "grass", "variant": 0, "pos": [32, 20]}, "32;21": {"type": "grass", "variant": 6, "pos": [32, 21]}, "33;21": {"type": "grass", "variant": 8, "pos": [33, 21]}, "33;22": {"type": "grass", "variant": 6, "pos": [33, 22]}, "34;22": {"type": "grass", "variant": 5, "pos": [34, 22]}, "35;22": {"type": "grass", "variant": 5, "pos": [35, 22]}, "36;22": {"type": "grass", "variant": 8, "pos": [36, 22]}, "37;22": {"type": "grass", "variant": 8, "pos": [37, 22]}, "38;22": {"type": "grass", "variant": 3, "pos": [38, 22]}, "38;23": {"type": "grass", "variant": 4, "pos": [38, 23]}, "37;21": {"type": "grass", "variant": 8, "pos": [37, 21]}, "36;21": {"type": "grass", "variant": 8, "pos": [36, 21]}, "35;21": {"type": "grass", "variant": 8, "pos": [35, 21]}, "34;21": {"type": "grass", "variant": 8, "pos": [34, 21]}, "34;20": {"type": "grass", "variant": 8, "pos": [34, 20]}, "35;20": {"type": "grass", "variant": 8, "pos": [35, 20]}, "36;20": {"type": "grass", "variant": 8, "pos": [36, 20]}, "38;21": {"type": "grass", "variant": 2, "pos": [38, 21]}, "37;20": {"type": "grass", "variant": 2, "pos": [37, 20]}, "36;23": {"type": "grass", "variant": 6, "pos": [36, 23]}, "37;23": {"type": "grass", "variant": 5, "pos": [37, 23]}, "45;10": {"type": "stone", "variant": 2, "pos": [45, 10]}, "44;10": {"type": "stone", "variant": 0, "pos": [44, 10]}, "43;11": {"type": "stone", "variant": 0, "pos": [43, 11]}, "42;12": {"type": "stone", "variant": 0, "pos": [42, 12]}, "42;13": {"type": "stone", "variant": 7, "pos": [42, 13]}, "42;14": {"type": "stone", "variant": 7, "pos": [42, 14]}, "42;15": {"type": "stone", "variant": 6, "pos": [42, 15]}, "43;15": {"type": "stone", "variant": 5, "pos": [43, 15]}, "44;15": {"type": "stone", "variant": 4, "pos": [44, 15]}, "45;14": {"type": "stone", "variant": 5, "pos": [45, 14]}, "46;14": {"type": "stone", "variant": 4, "pos": [46, 14]}, "46;13": {"type": "stone", "variant": 3, "pos": [46, 13]}, "46;12": {"type": "stone", "variant": 3, "pos": [46, 12]}, "45;12": {"type": "stone", "variant": 8, "pos": [45, 12]}, "45;11": {"type": "stone", "variant": 8, "pos": [45, 11]}, "44;11": {"type": "stone", "variant": 8, "pos": [44, 11]}, "44;12": {"type": "stone", "variant": 8, "pos": [44, 12]}, "43;12": {"type": "stone", "variant": 8, "pos": [43, 12]}, "43;13": {"type": "stone", "variant": 8, "pos": [43, 13]}, "43;14": {"type": "stone", "variant": 8, "pos": [43, 14]}, "44;14": {"type": "stone", "variant": 8, "pos": [44, 14]}, "44;13": {"type": "stone", "variant": 8, "pos": [44, 13]}, "45;13": {"type": "stone", "variant": 8, "pos": [45, 13]}, "46;11": {"type": "stone", "variant": 2, "pos": [46, 11]}, "36;4": {"type": "grass", "variant": 2, "pos": [36, 4]}, "35;5": {"type": "grass", "variant": 8, "pos": [35, 5]}, "34;5": {"type": "grass", "variant": 0, "pos": [34, 5]}, "34;6": {"type": "grass", "variant": 7, "pos": [34, 6]}, "34;7": {"type": "grass", "variant": 6, "pos": [34, 7]}, "35;7": {"type": "grass", "variant": 8, "pos": [35, 7]}, "35;8": {"type": "grass", "variant": 6, "pos": [35, 8]}, "36;8": {"type": "grass", "variant": 5, "pos": [36, 8]}, "37;8": {"type": "grass", "variant": 4, "pos": [37, 8]}, "38;6": {"type": "grass", "variant": 2, "pos": [38, 6]}, "37;5": {"type": "grass", "variant": 2, "pos": [37, 5]}, "36;5": {"type": "grass", "variant": 8, "pos": [36, 5]}, "37;7": {"type": "grass", "variant": 8, "pos": [37, 7]}, "37;6": {"type": "grass", "variant": 8, "pos": [37, 6]}, "38;7": {"type": "grass", "variant": 4, "pos": [38, 7]}, "36;6": {"type": "grass", "variant": 8, "pos": [36, 6]}, "35;6": {"type": "grass", "variant": 8, "pos": [35, 6]}, "36;7": {"type": "grass", "variant": 8, "pos": [36, 7]}, "35;4": {"type": "grass", "variant": 0, "pos": [35, 4]}, "53;23": {"type": "grass", "variant": 3, "pos": [53, 23]}, "53;22": {"type": "grass", "variant": 2, "pos": [53, 22]}, "52;22": {"type": "grass", "variant": 1, "pos": [52, 22]}, "51;22": {"type": "grass", "variant": 1, "pos": [51, 22]}, "50;22": {"type": "grass", "variant": 0, "pos": [50, 22]}, "50;23": {"type": "grass", "variant": 8, "pos": [50, 23]}, "49;23": {"type": "grass", "variant": 0, "pos": [49, 23]}, "49;24": {"type": "grass", "variant": 7, "pos": [49, 24]}, "49;25": {"type": "grass", "variant": 6, "pos": [49, 25]}, "50;25": {"type": "grass", "variant": 5, "pos": [50, 25]}, "51;26": {"type": "grass", "variant": 6, "pos": [51, 26]}, "52;26": {"type": "grass", "variant": 5, "pos": [52, 26]}, "53;26": {"type": "grass", "variant": 5, "pos": [53, 26]}, "54;26": {"type": "grass", "variant": 4, "pos": [54, 26]}, "54;25": {"type": "grass", "variant": 3, "pos": [54, 25]}, "54;24": {"type": "grass", "variant": 2, "pos": [54, 24]}, "52;23": {"type": "grass", "variant": 8, "pos": [52, 23]}, "51;25": {"type": "grass", "variant": 8, "pos": [51, 25]}, "51;24": {"type": "grass", "variant": 8, "pos": [51, 24]}, "52;24": {"type": "grass", "variant": 8, "pos": [52, 24]}, "51;23": {"type": "grass", "variant": 8, "pos": [51, 23]}, "50;24": {"type": "grass", "variant": 8, "pos": [50, 24]}, "53;25": {"type": "grass", "variant": 8, "pos": [53, 25]}, "53;24": {"type": "grass", "variant": 8, "pos": [53, 24]}, "52;25": {"type": "grass", "variant": 8, "pos": [52, 25]}, "65;18": {"type": "stone", "variant": 8, "pos": [65, 18]}, "65;17": {"type": "stone", "variant": 2, "pos": [65, 17]}, "64;17": {"type": "stone", "variant": 1, "pos": [64, 17]}, "63;17": {"type": "stone", "variant": 8, "pos": [63, 17]}, "63;16": {"type": "stone", "variant": 2, "pos": [63, 16]}, "62;16": {"type": "stone", "variant": 0, "pos": [62, 16]}, "61;17": {"type": "stone", "variant": 1, "pos": [61, 17]}, "60;17": {"type": "stone", "variant": 0, "pos": [60, 17]}, "60;18": {"type": "stone", "variant": 7, "pos": [60, 18]}, "60;19": {"type": "stone", "variant": 6, "pos": [60, 19]}, "61;19": {"type": "stone", "variant": 5, "pos": [61, 19]}, "62;19": {"type": "stone", "variant": 8, "pos": [62, 19]}, "63;19": {"type": "stone", "variant": 8, "pos": [63, 19]}, "64;19": {"type": "stone", "variant": 5, "pos": [64, 19]}, "65;19": {"type": "stone", "variant": 5, "pos": [65, 19]}, "66;18": {"type": "stone", "variant": 1, "pos": [66, 18]}, "62;17": {"type": "stone", "variant": 8, "pos": [62, 17]}, "62;18": {"type": "stone", "variant": 8, "pos": [62, 18]}, "63;18": {"type": "stone", "variant": 8, "pos": [63, 18]}, "64;18": {"type": "stone", "variant": 8, "pos": [64, 18]}, "61;18": {"type": "stone", "variant": 8, "pos": [61, 18]}, "57;3": {"type": "grass", "variant": 1, "pos": [57, 3]}, "56;3": {"type": "grass", "variant": 0, "pos": [56, 3]}, "56;4": {"type": "grass", "variant": 8, "pos": [56, 4]}, "55;4": {"type": "grass", "variant": 0, "pos": [55, 4]}, "54;5": {"type": "grass", "variant": 0, "pos": [54, 5]}, "54;6": {"type": "grass", "variant": 7, "pos": [54, 6]}, "54;7": {"type": "grass", "variant": 6, "pos": [54, 7]}, "55;8": {"type": "grass", "variant": 6, "pos": [55, 8]}, "56;8": {"type": "grass", "variant": 5, "pos": [56, 8]}, "57;8": {"type": "grass", "variant": 5, "pos": [57, 8]}, "58;8": {"type": "grass", "variant": 5, "pos": [58, 8]}, "59;8": {"type": "grass", "variant": 4, "pos": [59, 8]}, "59;7": {"type": "grass", "variant": 8, "pos": [59, 7]}, "59;6": {"type": "grass", "variant": 8, "pos": [59, 6]}, "59;5": {"type": "grass", "variant": 8, "pos": [59, 5]}, "59;4": {"type": "grass", "variant": 8, "pos": [59, 4]}, "58;3": {"type": "grass", "variant": 1, "pos": [58, 3]}, "56;5": {"type": "grass", "variant": 8, "pos": [56, 5]}, "55;5": {"type": "grass", "variant": 8, "pos": [55, 5]}, "55;6": {"type": "grass", "variant": 8, "pos": [55, 6]}, "55;7": {"type": "grass", "variant": 8, "pos": [55, 7]}, "56;7": {"type": "grass", "variant": 8, "pos": [56, 7]}, "57;7": {"type": "grass", "variant": 8, "pos": [57, 7]}, "58;6": {"type": "grass", "variant": 8, "pos": [58, 6]}, "58;4": {"type": "grass", "variant": 8, "pos": [58, 4]}, "57;4": {"type": "grass", "variant": 8, "pos": [57, 4]}, "57;5": {"type": "grass", "variant": 8, "pos": [57, 5]}, "57;6": {"type": "grass", "variant": 8, "pos": [57, 6]}, "58;7": {"type": "grass", "variant": 8, "pos": [58, 7]}, "58;5": {"type": "grass", "variant": 8, "pos": [58, 5]}, "56;6": {"type": "grass", "variant": 8, "pos": [56, 6]}, "60;7": {"type": "grass", "variant": 4, "pos": [60, 7]}, "60;6": {"type": "grass", "variant": 3, "pos": [60, 6]}, "60;5": {"type": "grass", "variant": 3, "pos": [60, 5]}, "60;4": {"type": "grass", "variant": 2, "pos": [60, 4]}, "59;3": {"type": "grass", "variant": 2, "pos": [59, 3]}, "26;1": {"type": "stone", "variant": 2, "pos": [26, 1]}, "25;1": {"type": "stone", "variant": 1, "pos": [25, 1]}, "24;0": {"type": "stone", "variant": 2, "pos": [24, 0]}, "23;0": {"type": "stone", "variant": 1, "pos": [23, 0]}, "22;0": {"type": "stone", "variant": 0, "pos": [22, 0]}, "22;1": {"type": "stone", "variant": 8, "pos": [22, 1]}, "21;1": {"type": "stone", "variant": 1, "pos": [21, 1]}, "21;2": {"type": "stone", "variant": 8, "pos": [21, 2]}, "21;3": {"type": "stone", "variant": 6, "pos": [21, 3]}, "22;3": {"type": "stone", "variant": 5, "pos": [22, 3]}, "23;3": {"type": "stone", "variant": 5, "pos": [23, 3]}, "24;3": {"type": "stone", "variant": 5, "pos": [24, 3]}, "25;3": {"type": "stone", "variant": 4, "pos": [25, 3]}, "25;2": {"type": "stone", "variant": 8, "pos": [25, 2]}, "24;1": {"type": "stone", "variant": 8, "pos": [24, 1]}, "23;1": {"type": "stone", "variant": 8, "pos": [23, 1]}, "22;2": {"type": "stone", "variant": 8, "pos": [22, 2]}, "23;2": {"type": "stone", "variant": 8, "pos": [23, 2]}, "24;2": {"type": "stone", "variant": 8, "pos": [24, 2]}, "26;2": {"type": "stone", "variant": 4, "pos": [26, 2]}, "20;2": {"type": "stone", "variant": 6, "pos": [20, 2]}, "20;1": {"type": "stone", "variant": 0, "pos": [20, 1]}, "67;18": {"type": "stone", "variant": 2, "pos": [67, 18]}, "67;19": {"type": "stone", "variant": 4, "pos": [67, 19]}, "66;19": {"type": "stone", "variant": 5, "pos": [66, 19]}, "63;20": {"type": "stone", "variant": 4, "pos": [63, 20]}, "62;20": {"type": "stone", "variant": 6, "pos": [62, 20]}, "33;18": {"type": "decor", "variant": 3, "pos": [33, 18]}, "56;2": {"type": "decor", "variant": 3, "pos": [56, 2]}, "58;2": {"type": "decor", "variant": 3, "pos": [58, 2]}, "53;21": {"type": "decor", "variant": 0, "pos": [53, 21]}, "37;4": {"type": "decor", "variant": 0, "pos": [37, 4]}, "35;3": {"type": "decor", "variant": 1, "pos": [35, 3]}, "38;20": {"type": "decor", "variant": 1, "pos": [38, 20]}, "49;22": {"type": "decor", "variant": 2, "pos": [49, 22]}, "54;4": {"type": "decor", "variant": 2, "pos": [54, 4]}}, "tile_size": 16, "offgrid": [{"type": "spawners", "variant": 0, "pos": [211.0, 214.0]}, {"type": "large_decor", "variant": 2, "pos": [693.0, 170.0]}, {"type": "large_decor", "variant": 7, "pos": [316.0, -14.0]}, {"type": "large_decor", "variant": 8, "pos": [957.5, 238.5]}, {"type": "large_decor", "variant": 9, "pos": [1005.5, 252.5]}, {"type": "large_decor", "variant": 6, "pos": [851.0, -130.0]}, {"type": "large_decor", "variant": 10, "pos": [525.5, 235.5]}, {"type": "large_decor", "variant": 11, "pos": [559.0, 35.5]}, {"type": "large_decor", "variant": 11, "pos": [815.5, 328.0]}, {"type": "large_decor", "variant": 2, "pos": [594.0, 314.0]}, {"type": "large_decor", "variant": 3, "pos": [772.0, 277.5]}, {"type": "large_decor", "variant": 7, "pos": [156.5, 236.5]}, {"type": "large_decor", "variant": 0, "pos": [312.0, 231.0]}, {"type": "large_decor", "variant": 2, "pos": [338.0, 233.0]}, {"type": "spawners", "variant": 2, "pos": [348.0, 203.5]}, {"type": "spawners", "variant": 2, "pos": [576.0, 29.0]}, {"type": "spawners", "variant": 1, "pos": [369.0, -35.0]}, {"type": "spawners", "variant": 2, "pos": [825.0, 316.5]}, {"type": "spawners", "variant": 2, "pos": [1003.0, 219.0]}, {"type": "spawners", "variant": 1, "pos": [715.5, 125.5]}, {"type": "spawners", "variant": 1, "pos": [566.0, 269.5]}, {"type": "spawners", "variant": 1, "pos": [935.0, 13.5]}, {"type": "spawners", "variant": 2, "pos": [553.5, 268.5]}]}