{"tilemap": {"43;17": {"type": "grass", "variant": 1, "pos": [43, 17]}, "42;17": {"type": "grass", "variant": 1, "pos": [42, 17]}, "41;17": {"type": "grass", "variant": 1, "pos": [41, 17]}, "40;17": {"type": "grass", "variant": 1, "pos": [40, 17]}, "39;17": {"type": "grass", "variant": 1, "pos": [39, 17]}, "38;17": {"type": "grass", "variant": 0, "pos": [38, 17]}, "37;18": {"type": "grass", "variant": 1, "pos": [37, 18]}, "36;18": {"type": "grass", "variant": 1, "pos": [36, 18]}, "35;18": {"type": "grass", "variant": 0, "pos": [35, 18]}, "34;19": {"type": "grass", "variant": 0, "pos": [34, 19]}, "34;20": {"type": "grass", "variant": 7, "pos": [34, 20]}, "34;21": {"type": "grass", "variant": 7, "pos": [34, 21]}, "35;22": {"type": "grass", "variant": 8, "pos": [35, 22]}, "36;22": {"type": "grass", "variant": 8, "pos": [36, 22]}, "37;23": {"type": "grass", "variant": 8, "pos": [37, 23]}, "38;23": {"type": "grass", "variant": 8, "pos": [38, 23]}, "39;24": {"type": "grass", "variant": 8, "pos": [39, 24]}, "40;24": {"type": "grass", "variant": 8, "pos": [40, 24]}, "41;24": {"type": "grass", "variant": 4, "pos": [41, 24]}, "39;25": {"type": "grass", "variant": 8, "pos": [39, 25]}, "38;25": {"type": "grass", "variant": 8, "pos": [38, 25]}, "37;25": {"type": "grass", "variant": 8, "pos": [37, 25]}, "36;25": {"type": "grass", "variant": 8, "pos": [36, 25]}, "35;26": {"type": "grass", "variant": 8, "pos": [35, 26]}, "33;26": {"type": "grass", "variant": 8, "pos": [33, 26]}, "32;26": {"type": "grass", "variant": 8, "pos": [32, 26]}, "32;25": {"type": "grass", "variant": 0, "pos": [32, 25]}, "33;24": {"type": "grass", "variant": 0, "pos": [33, 24]}, "34;23": {"type": "grass", "variant": 7, "pos": [34, 23]}, "34;22": {"type": "grass", "variant": 7, "pos": [34, 22]}, "35;21": {"type": "grass", "variant": 8, "pos": [35, 21]}, "36;21": {"type": "grass", "variant": 8, "pos": [36, 21]}, "36;20": {"type": "grass", "variant": 8, "pos": [36, 20]}, "37;19": {"type": "grass", "variant": 8, "pos": [37, 19]}, "38;18": {"type": "grass", "variant": 8, "pos": [38, 18]}, "38;19": {"type": "grass", "variant": 8, "pos": [38, 19]}, "35;19": {"type": "grass", "variant": 8, "pos": [35, 19]}, "36;19": {"type": "grass", "variant": 8, "pos": [36, 19]}, "35;20": {"type": "grass", "variant": 8, "pos": [35, 20]}, "35;23": {"type": "grass", "variant": 8, "pos": [35, 23]}, "35;24": {"type": "grass", "variant": 8, "pos": [35, 24]}, "34;24": {"type": "grass", "variant": 8, "pos": [34, 24]}, "34;25": {"type": "grass", "variant": 8, "pos": [34, 25]}, "33;25": {"type": "grass", "variant": 8, "pos": [33, 25]}, "35;25": {"type": "grass", "variant": 8, "pos": [35, 25]}, "36;24": {"type": "grass", "variant": 8, "pos": [36, 24]}, "37;24": {"type": "grass", "variant": 8, "pos": [37, 24]}, "36;23": {"type": "grass", "variant": 8, "pos": [36, 23]}, "37;22": {"type": "grass", "variant": 8, "pos": [37, 22]}, "38;24": {"type": "grass", "variant": 8, "pos": [38, 24]}, "34;26": {"type": "grass", "variant": 8, "pos": [34, 26]}, "31;26": {"type": "grass", "variant": 1, "pos": [31, 26]}, "30;26": {"type": "grass", "variant": 1, "pos": [30, 26]}, "29;26": {"type": "grass", "variant": 1, "pos": [29, 26]}, "28;26": {"type": "grass", "variant": 1, "pos": [28, 26]}, "29;27": {"type": "grass", "variant": 8, "pos": [29, 27]}, "28;27": {"type": "grass", "variant": 8, "pos": [28, 27]}, "28;28": {"type": "grass", "variant": 8, "pos": [28, 28]}, "27;28": {"type": "grass", "variant": 8, "pos": [27, 28]}, "26;28": {"type": "grass", "variant": 6, "pos": [26, 28]}, "29;28": {"type": "grass", "variant": 8, "pos": [29, 28]}, "30;28": {"type": "grass", "variant": 8, "pos": [30, 28]}, "31;28": {"type": "grass", "variant": 8, "pos": [31, 28]}, "32;28": {"type": "grass", "variant": 8, "pos": [32, 28]}, "32;27": {"type": "grass", "variant": 8, "pos": [32, 27]}, "33;27": {"type": "grass", "variant": 8, "pos": [33, 27]}, "34;27": {"type": "grass", "variant": 8, "pos": [34, 27]}, "35;27": {"type": "grass", "variant": 8, "pos": [35, 27]}, "36;27": {"type": "grass", "variant": 8, "pos": [36, 27]}, "37;27": {"type": "grass", "variant": 8, "pos": [37, 27]}, "37;26": {"type": "grass", "variant": 8, "pos": [37, 26]}, "31;27": {"type": "grass", "variant": 8, "pos": [31, 27]}, "30;27": {"type": "grass", "variant": 8, "pos": [30, 27]}, "27;27": {"type": "grass", "variant": 8, "pos": [27, 27]}, "26;27": {"type": "grass", "variant": 7, "pos": [26, 27]}, "27;26": {"type": "grass", "variant": 1, "pos": [27, 26]}, "26;26": {"type": "grass", "variant": 0, "pos": [26, 26]}, "27;29": {"type": "grass", "variant": 6, "pos": [27, 29]}, "28;29": {"type": "grass", "variant": 5, "pos": [28, 29]}, "29;29": {"type": "grass", "variant": 5, "pos": [29, 29]}, "30;29": {"type": "grass", "variant": 5, "pos": [30, 29]}, "31;29": {"type": "grass", "variant": 5, "pos": [31, 29]}, "32;29": {"type": "grass", "variant": 5, "pos": [32, 29]}, "33;29": {"type": "grass", "variant": 5, "pos": [33, 29]}, "34;29": {"type": "grass", "variant": 5, "pos": [34, 29]}, "35;29": {"type": "grass", "variant": 4, "pos": [35, 29]}, "35;28": {"type": "grass", "variant": 8, "pos": [35, 28]}, "34;28": {"type": "grass", "variant": 8, "pos": [34, 28]}, "33;28": {"type": "grass", "variant": 8, "pos": [33, 28]}, "36;28": {"type": "grass", "variant": 5, "pos": [36, 28]}, "36;26": {"type": "grass", "variant": 8, "pos": [36, 26]}, "38;27": {"type": "grass", "variant": 4, "pos": [38, 27]}, "37;28": {"type": "grass", "variant": 4, "pos": [37, 28]}, "38;26": {"type": "grass", "variant": 8, "pos": [38, 26]}, "40;25": {"type": "grass", "variant": 4, "pos": [40, 25]}, "39;26": {"type": "grass", "variant": 4, "pos": [39, 26]}, "38;22": {"type": "grass", "variant": 8, "pos": [38, 22]}, "37;21": {"type": "grass", "variant": 8, "pos": [37, 21]}, "37;20": {"type": "grass", "variant": 8, "pos": [37, 20]}, "38;20": {"type": "grass", "variant": 8, "pos": [38, 20]}, "38;21": {"type": "grass", "variant": 8, "pos": [38, 21]}, "39;21": {"type": "grass", "variant": 8, "pos": [39, 21]}, "39;22": {"type": "grass", "variant": 8, "pos": [39, 22]}, "40;22": {"type": "grass", "variant": 8, "pos": [40, 22]}, "40;21": {"type": "grass", "variant": 8, "pos": [40, 21]}, "40;20": {"type": "grass", "variant": 8, "pos": [40, 20]}, "40;19": {"type": "grass", "variant": 8, "pos": [40, 19]}, "41;19": {"type": "grass", "variant": 8, "pos": [41, 19]}, "41;18": {"type": "grass", "variant": 8, "pos": [41, 18]}, "40;18": {"type": "grass", "variant": 8, "pos": [40, 18]}, "39;18": {"type": "grass", "variant": 8, "pos": [39, 18]}, "39;19": {"type": "grass", "variant": 8, "pos": [39, 19]}, "39;20": {"type": "grass", "variant": 8, "pos": [39, 20]}, "42;18": {"type": "grass", "variant": 8, "pos": [42, 18]}, "43;18": {"type": "grass", "variant": 8, "pos": [43, 18]}, "43;19": {"type": "grass", "variant": 8, "pos": [43, 19]}, "42;19": {"type": "grass", "variant": 8, "pos": [42, 19]}, "42;20": {"type": "grass", "variant": 8, "pos": [42, 20]}, "41;20": {"type": "grass", "variant": 8, "pos": [41, 20]}, "40;23": {"type": "grass", "variant": 8, "pos": [40, 23]}, "41;22": {"type": "grass", "variant": 8, "pos": [41, 22]}, "41;21": {"type": "grass", "variant": 8, "pos": [41, 21]}, "42;21": {"type": "grass", "variant": 8, "pos": [42, 21]}, "41;23": {"type": "grass", "variant": 8, "pos": [41, 23]}, "39;23": {"type": "grass", "variant": 8, "pos": [39, 23]}, "43;21": {"type": "grass", "variant": 8, "pos": [43, 21]}, "43;20": {"type": "grass", "variant": 8, "pos": [43, 20]}, "43;22": {"type": "grass", "variant": 4, "pos": [43, 22]}, "42;22": {"type": "grass", "variant": 8, "pos": [42, 22]}, "42;23": {"type": "grass", "variant": 4, "pos": [42, 23]}, "44;17": {"type": "grass", "variant": 1, "pos": [44, 17]}, "44;18": {"type": "grass", "variant": 8, "pos": [44, 18]}, "44;19": {"type": "grass", "variant": 8, "pos": [44, 19]}, "44;20": {"type": "grass", "variant": 8, "pos": [44, 20]}, "44;21": {"type": "grass", "variant": 5, "pos": [44, 21]}, "45;18": {"type": "grass", "variant": 8, "pos": [45, 18]}, "45;19": {"type": "grass", "variant": 8, "pos": [45, 19]}, "45;20": {"type": "grass", "variant": 8, "pos": [45, 20]}, "45;21": {"type": "grass", "variant": 4, "pos": [45, 21]}, "45;17": {"type": "grass", "variant": 1, "pos": [45, 17]}, "46;17": {"type": "grass", "variant": 1, "pos": [46, 17]}, "47;17": {"type": "grass", "variant": 1, "pos": [47, 17]}, "47;18": {"type": "grass", "variant": 8, "pos": [47, 18]}, "48;18": {"type": "grass", "variant": 8, "pos": [48, 18]}, "48;19": {"type": "grass", "variant": 8, "pos": [48, 19]}, "47;19": {"type": "grass", "variant": 8, "pos": [47, 19]}, "47;20": {"type": "grass", "variant": 5, "pos": [47, 20]}, "46;20": {"type": "grass", "variant": 5, "pos": [46, 20]}, "48;20": {"type": "grass", "variant": 5, "pos": [48, 20]}, "49;20": {"type": "grass", "variant": 5, "pos": [49, 20]}, "50;20": {"type": "grass", "variant": 5, "pos": [50, 20]}, "51;20": {"type": "grass", "variant": 5, "pos": [51, 20]}, "52;20": {"type": "grass", "variant": 4, "pos": [52, 20]}, "52;19": {"type": "grass", "variant": 8, "pos": [52, 19]}, "52;18": {"type": "grass", "variant": 8, "pos": [52, 18]}, "51;18": {"type": "grass", "variant": 8, "pos": [51, 18]}, "50;18": {"type": "grass", "variant": 8, "pos": [50, 18]}, "49;18": {"type": "grass", "variant": 8, "pos": [49, 18]}, "46;18": {"type": "grass", "variant": 8, "pos": [46, 18]}, "46;19": {"type": "grass", "variant": 8, "pos": [46, 19]}, "49;19": {"type": "grass", "variant": 8, "pos": [49, 19]}, "50;19": {"type": "grass", "variant": 8, "pos": [50, 19]}, "51;19": {"type": "grass", "variant": 8, "pos": [51, 19]}, "53;19": {"type": "grass", "variant": 5, "pos": [53, 19]}, "54;19": {"type": "grass", "variant": 5, "pos": [54, 19]}, "54;18": {"type": "grass", "variant": 8, "pos": [54, 18]}, "55;18": {"type": "grass", "variant": 8, "pos": [55, 18]}, "56;18": {"type": "grass", "variant": 8, "pos": [56, 18]}, "57;18": {"type": "grass", "variant": 8, "pos": [57, 18]}, "58;18": {"type": "grass", "variant": 8, "pos": [58, 18]}, "58;17": {"type": "grass", "variant": 1, "pos": [58, 17]}, "59;17": {"type": "grass", "variant": 1, "pos": [59, 17]}, "59;18": {"type": "grass", "variant": 8, "pos": [59, 18]}, "56;19": {"type": "grass", "variant": 5, "pos": [56, 19]}, "55;19": {"type": "grass", "variant": 5, "pos": [55, 19]}, "53;18": {"type": "grass", "variant": 8, "pos": [53, 18]}, "55;17": {"type": "grass", "variant": 1, "pos": [55, 17]}, "56;17": {"type": "grass", "variant": 1, "pos": [56, 17]}, "57;17": {"type": "grass", "variant": 1, "pos": [57, 17]}, "54;17": {"type": "grass", "variant": 1, "pos": [54, 17]}, "53;17": {"type": "grass", "variant": 1, "pos": [53, 17]}, "52;17": {"type": "grass", "variant": 1, "pos": [52, 17]}, "51;17": {"type": "grass", "variant": 1, "pos": [51, 17]}, "50;17": {"type": "grass", "variant": 1, "pos": [50, 17]}, "49;17": {"type": "grass", "variant": 1, "pos": [49, 17]}, "48;17": {"type": "grass", "variant": 1, "pos": [48, 17]}, "60;17": {"type": "grass", "variant": 1, "pos": [60, 17]}, "61;17": {"type": "grass", "variant": 1, "pos": [61, 17]}, "62;17": {"type": "grass", "variant": 1, "pos": [62, 17]}, "63;17": {"type": "grass", "variant": 1, "pos": [63, 17]}, "64;17": {"type": "grass", "variant": 1, "pos": [64, 17]}, "65;17": {"type": "grass", "variant": 1, "pos": [65, 17]}, "66;17": {"type": "grass", "variant": 2, "pos": [66, 17]}, "66;18": {"type": "grass", "variant": 4, "pos": [66, 18]}, "65;18": {"type": "grass", "variant": 5, "pos": [65, 18]}, "64;18": {"type": "grass", "variant": 5, "pos": [64, 18]}, "63;18": {"type": "grass", "variant": 5, "pos": [63, 18]}, "62;18": {"type": "grass", "variant": 5, "pos": [62, 18]}, "61;18": {"type": "grass", "variant": 8, "pos": [61, 18]}, "60;18": {"type": "grass", "variant": 8, "pos": [60, 18]}, "57;19": {"type": "grass", "variant": 5, "pos": [57, 19]}, "58;19": {"type": "grass", "variant": 5, "pos": [58, 19]}, "59;19": {"type": "grass", "variant": 5, "pos": [59, 19]}, "60;19": {"type": "grass", "variant": 5, "pos": [60, 19]}, "61;19": {"type": "grass", "variant": 4, "pos": [61, 19]}, "71;17": {"type": "stone", "variant": 0, "pos": [71, 17]}, "72;17": {"type": "stone", "variant": 1, "pos": [72, 17]}, "73;17": {"type": "stone", "variant": 1, "pos": [73, 17]}, "74;17": {"type": "stone", "variant": 1, "pos": [74, 17]}, "75;17": {"type": "stone", "variant": 1, "pos": [75, 17]}, "76;17": {"type": "stone", "variant": 1, "pos": [76, 17]}, "77;17": {"type": "stone", "variant": 1, "pos": [77, 17]}, "78;17": {"type": "stone", "variant": 1, "pos": [78, 17]}, "77;18": {"type": "stone", "variant": 8, "pos": [77, 18]}, "76;18": {"type": "stone", "variant": 8, "pos": [76, 18]}, "75;18": {"type": "stone", "variant": 8, "pos": [75, 18]}, "74;18": {"type": "stone", "variant": 8, "pos": [74, 18]}, "73;18": {"type": "stone", "variant": 5, "pos": [73, 18]}, "72;18": {"type": "stone", "variant": 5, "pos": [72, 18]}, "79;17": {"type": "stone", "variant": 2, "pos": [79, 17]}, "78;18": {"type": "stone", "variant": 5, "pos": [78, 18]}, "71;18": {"type": "stone", "variant": 6, "pos": [71, 18]}, "79;18": {"type": "stone", "variant": 4, "pos": [79, 18]}, "77;19": {"type": "stone", "variant": 4, "pos": [77, 19]}, "76;19": {"type": "stone", "variant": 5, "pos": [76, 19]}, "75;19": {"type": "stone", "variant": 5, "pos": [75, 19]}, "74;19": {"type": "stone", "variant": 6, "pos": [74, 19]}, "27;25": {"type": "decor", "variant": 0, "pos": [27, 25]}, "32;24": {"type": "decor", "variant": 3, "pos": [32, 24]}, "41;16": {"type": "decor", "variant": 0, "pos": [41, 16]}, "54;16": {"type": "decor", "variant": 1, "pos": [54, 16]}, "63;16": {"type": "decor", "variant": 1, "pos": [63, 16]}, "49;16": {"type": "decor", "variant": 1, "pos": [49, 16]}, "35;17": {"type": "decor", "variant": 0, "pos": [35, 17]}, "44;16": {"type": "decor", "variant": 2, "pos": [44, 16]}, "72;16": {"type": "decor", "variant": 2, "pos": [72, 16]}, "78;16": {"type": "decor", "variant": 2, "pos": [78, 16]}, "30;25": {"type": "decor", "variant": 2, "pos": [30, 25]}, "25;47": {"type": "grass", "variant": 4, "pos": [25, 47]}, "24;47": {"type": "grass", "variant": 1, "pos": [24, 47]}, "23;47": {"type": "grass", "variant": 1, "pos": [23, 47]}, "22;47": {"type": "grass", "variant": 1, "pos": [22, 47]}, "21;47": {"type": "grass", "variant": 1, "pos": [21, 47]}, "20;47": {"type": "grass", "variant": 1, "pos": [20, 47]}, "19;47": {"type": "grass", "variant": 1, "pos": [19, 47]}, "18;47": {"type": "grass", "variant": 6, "pos": [18, 47]}, "19;48": {"type": "grass", "variant": 6, "pos": [19, 48]}, "20;48": {"type": "grass", "variant": 5, "pos": [20, 48]}, "21;48": {"type": "grass", "variant": 5, "pos": [21, 48]}, "22;48": {"type": "grass", "variant": 5, "pos": [22, 48]}, "23;48": {"type": "grass", "variant": 5, "pos": [23, 48]}, "24;48": {"type": "grass", "variant": 4, "pos": [24, 48]}, "25;46": {"type": "grass", "variant": 2, "pos": [25, 46]}, "18;46": {"type": "grass", "variant": 0, "pos": [18, 46]}, "20;42": {"type": "grass", "variant": 0, "pos": [20, 42]}, "20;43": {"type": "grass", "variant": 7, "pos": [20, 43]}, "20;44": {"type": "grass", "variant": 6, "pos": [20, 44]}, "23;42": {"type": "grass", "variant": 2, "pos": [23, 42]}, "23;43": {"type": "grass", "variant": 3, "pos": [23, 43]}, "23;44": {"type": "grass", "variant": 4, "pos": [23, 44]}}, "tile_size": 16, "offgrid": [{"type": "spawners", "variant": 1, "pos": [1253.5, 235.5]}, {"type": "spawners", "variant": 1, "pos": [1222.0, 236.5]}, {"type": "spawners", "variant": 1, "pos": [1206.5, 236.5]}, {"type": "spawners", "variant": 1, "pos": [1187.5, 236.5]}, {"type": "spawners", "variant": 0, "pos": [452.0, 375.0]}, {"type": "large_decor", "variant": 0, "pos": [1174.0, 264.5]}, {"type": "large_decor", "variant": 1, "pos": [940.5, 262.0]}, {"type": "large_decor", "variant": 1, "pos": [504.0, 407.0]}, {"type": "large_decor", "variant": 2, "pos": [552.5, 298.0]}, {"type": "large_decor", "variant": 2, "pos": [815.0, 268.0]}, {"type": "large_decor", "variant": 2, "pos": [809.0, 267.5]}, {"type": "large_decor", "variant": 2, "pos": [818.5, 267.5]}, {"type": "large_decor", "variant": 2, "pos": [1142.5, 268.5]}, {"type": "large_decor", "variant": 3, "pos": [587.0, 198.0]}, {"type": "large_decor", "variant": 5, "pos": [860.5, 163.5]}, {"type": "large_decor", "variant": 6, "pos": [359.0, 239.0]}]}