{"tilemap": {"11;14": {"type": "grass", "variant": 0, "pos": [11, 14]}, "12;14": {"type": "grass", "variant": 5, "pos": [12, 14]}, "12;13": {"type": "grass", "variant": 0, "pos": [12, 13]}, "13;13": {"type": "grass", "variant": 1, "pos": [13, 13]}, "14;13": {"type": "grass", "variant": 1, "pos": [14, 13]}, "20;13": {"type": "grass", "variant": 1, "pos": [20, 13]}, "21;13": {"type": "grass", "variant": 1, "pos": [21, 13]}, "22;13": {"type": "grass", "variant": 1, "pos": [22, 13]}, "23;13": {"type": "grass", "variant": 1, "pos": [23, 13]}, "24;13": {"type": "grass", "variant": 2, "pos": [24, 13]}, "25;14": {"type": "grass", "variant": 1, "pos": [25, 14]}, "26;14": {"type": "grass", "variant": 1, "pos": [26, 14]}, "27;14": {"type": "grass", "variant": 1, "pos": [27, 14]}, "28;14": {"type": "grass", "variant": 2, "pos": [28, 14]}, "29;15": {"type": "grass", "variant": 1, "pos": [29, 15]}, "28;15": {"type": "grass", "variant": 8, "pos": [28, 15]}, "28;16": {"type": "grass", "variant": 8, "pos": [28, 16]}, "27;16": {"type": "grass", "variant": 8, "pos": [27, 16]}, "26;16": {"type": "grass", "variant": 8, "pos": [26, 16]}, "25;16": {"type": "grass", "variant": 5, "pos": [25, 16]}, "24;15": {"type": "grass", "variant": 8, "pos": [24, 15]}, "23;15": {"type": "grass", "variant": 8, "pos": [23, 15]}, "22;15": {"type": "grass", "variant": 8, "pos": [22, 15]}, "21;15": {"type": "grass", "variant": 8, "pos": [21, 15]}, "20;15": {"type": "grass", "variant": 8, "pos": [20, 15]}, "19;15": {"type": "grass", "variant": 8, "pos": [19, 15]}, "18;15": {"type": "grass", "variant": 5, "pos": [18, 15]}, "16;14": {"type": "grass", "variant": 8, "pos": [16, 14]}, "14;14": {"type": "grass", "variant": 8, "pos": [14, 14]}, "13;14": {"type": "grass", "variant": 8, "pos": [13, 14]}, "15;14": {"type": "grass", "variant": 8, "pos": [15, 14]}, "17;14": {"type": "grass", "variant": 8, "pos": [17, 14]}, "18;14": {"type": "grass", "variant": 8, "pos": [18, 14]}, "19;14": {"type": "grass", "variant": 8, "pos": [19, 14]}, "20;14": {"type": "grass", "variant": 8, "pos": [20, 14]}, "21;14": {"type": "grass", "variant": 8, "pos": [21, 14]}, "22;14": {"type": "grass", "variant": 8, "pos": [22, 14]}, "23;14": {"type": "grass", "variant": 8, "pos": [23, 14]}, "24;14": {"type": "grass", "variant": 8, "pos": [24, 14]}, "25;15": {"type": "grass", "variant": 8, "pos": [25, 15]}, "26;15": {"type": "grass", "variant": 8, "pos": [26, 15]}, "27;15": {"type": "grass", "variant": 8, "pos": [27, 15]}, "19;13": {"type": "grass", "variant": 1, "pos": [19, 13]}, "18;13": {"type": "grass", "variant": 1, "pos": [18, 13]}, "17;13": {"type": "grass", "variant": 1, "pos": [17, 13]}, "16;13": {"type": "grass", "variant": 1, "pos": [16, 13]}, "15;13": {"type": "grass", "variant": 1, "pos": [15, 13]}, "30;15": {"type": "grass", "variant": 1, "pos": [30, 15]}, "31;15": {"type": "grass", "variant": 1, "pos": [31, 15]}, "32;15": {"type": "grass", "variant": 1, "pos": [32, 15]}, "33;15": {"type": "grass", "variant": 2, "pos": [33, 15]}, "33;16": {"type": "grass", "variant": 4, "pos": [33, 16]}, "32;16": {"type": "grass", "variant": 5, "pos": [32, 16]}, "31;16": {"type": "grass", "variant": 8, "pos": [31, 16]}, "31;17": {"type": "grass", "variant": 4, "pos": [31, 17]}, "30;17": {"type": "grass", "variant": 5, "pos": [30, 17]}, "29;17": {"type": "grass", "variant": 5, "pos": [29, 17]}, "30;16": {"type": "grass", "variant": 8, "pos": [30, 16]}, "29;16": {"type": "grass", "variant": 8, "pos": [29, 16]}, "28;17": {"type": "grass", "variant": 5, "pos": [28, 17]}, "27;17": {"type": "grass", "variant": 5, "pos": [27, 17]}, "26;17": {"type": "grass", "variant": 6, "pos": [26, 17]}, "24;16": {"type": "grass", "variant": 5, "pos": [24, 16]}, "23;16": {"type": "grass", "variant": 5, "pos": [23, 16]}, "22;16": {"type": "grass", "variant": 5, "pos": [22, 16]}, "21;16": {"type": "grass", "variant": 5, "pos": [21, 16]}, "20;16": {"type": "grass", "variant": 5, "pos": [20, 16]}, "19;16": {"type": "grass", "variant": 6, "pos": [19, 16]}, "17;15": {"type": "grass", "variant": 5, "pos": [17, 15]}, "16;15": {"type": "grass", "variant": 5, "pos": [16, 15]}, "15;15": {"type": "grass", "variant": 5, "pos": [15, 15]}, "14;15": {"type": "grass", "variant": 5, "pos": [14, 15]}, "13;15": {"type": "grass", "variant": 6, "pos": [13, 15]}, "38;15": {"type": "stone", "variant": 0, "pos": [38, 15]}, "39;15": {"type": "stone", "variant": 1, "pos": [39, 15]}, "40;15": {"type": "stone", "variant": 1, "pos": [40, 15]}, "41;15": {"type": "stone", "variant": 1, "pos": [41, 15]}, "42;15": {"type": "stone", "variant": 1, "pos": [42, 15]}, "43;15": {"type": "stone", "variant": 1, "pos": [43, 15]}, "44;15": {"type": "stone", "variant": 1, "pos": [44, 15]}, "45;15": {"type": "stone", "variant": 1, "pos": [45, 15]}, "46;15": {"type": "stone", "variant": 1, "pos": [46, 15]}, "47;15": {"type": "stone", "variant": 2, "pos": [47, 15]}, "47;16": {"type": "stone", "variant": 4, "pos": [47, 16]}, "46;16": {"type": "stone", "variant": 8, "pos": [46, 16]}, "46;17": {"type": "stone", "variant": 4, "pos": [46, 17]}, "45;17": {"type": "stone", "variant": 5, "pos": [45, 17]}, "44;17": {"type": "stone", "variant": 5, "pos": [44, 17]}, "43;17": {"type": "stone", "variant": 5, "pos": [43, 17]}, "42;17": {"type": "stone", "variant": 5, "pos": [42, 17]}, "41;17": {"type": "stone", "variant": 6, "pos": [41, 17]}, "41;16": {"type": "stone", "variant": 8, "pos": [41, 16]}, "40;16": {"type": "stone", "variant": 5, "pos": [40, 16]}, "39;16": {"type": "stone", "variant": 6, "pos": [39, 16]}, "42;16": {"type": "stone", "variant": 8, "pos": [42, 16]}, "43;16": {"type": "stone", "variant": 8, "pos": [43, 16]}, "44;16": {"type": "stone", "variant": 8, "pos": [44, 16]}, "45;16": {"type": "stone", "variant": 8, "pos": [45, 16]}, "51;12": {"type": "stone", "variant": 6, "pos": [51, 12]}, "51;11": {"type": "stone", "variant": 7, "pos": [51, 11]}, "52;10": {"type": "stone", "variant": 8, "pos": [52, 10]}, "52;11": {"type": "stone", "variant": 8, "pos": [52, 11]}, "53;11": {"type": "stone", "variant": 8, "pos": [53, 11]}, "53;12": {"type": "stone", "variant": 5, "pos": [53, 12]}, "53;10": {"type": "stone", "variant": 8, "pos": [53, 10]}, "52;12": {"type": "stone", "variant": 5, "pos": [52, 12]}, "51;10": {"type": "stone", "variant": 7, "pos": [51, 10]}, "54;10": {"type": "stone", "variant": 8, "pos": [54, 10]}, "54;11": {"type": "stone", "variant": 8, "pos": [54, 11]}, "54;12": {"type": "stone", "variant": 4, "pos": [54, 12]}, "55;11": {"type": "stone", "variant": 4, "pos": [55, 11]}, "55;10": {"type": "stone", "variant": 8, "pos": [55, 10]}, "56;10": {"type": "stone", "variant": 4, "pos": [56, 10]}, "56;9": {"type": "stone", "variant": 8, "pos": [56, 9]}, "57;9": {"type": "stone", "variant": 5, "pos": [57, 9]}, "58;9": {"type": "stone", "variant": 4, "pos": [58, 9]}, "58;8": {"type": "stone", "variant": 2, "pos": [58, 8]}, "57;8": {"type": "stone", "variant": 1, "pos": [57, 8]}, "56;8": {"type": "stone", "variant": 1, "pos": [56, 8]}, "55;9": {"type": "stone", "variant": 8, "pos": [55, 9]}, "54;9": {"type": "stone", "variant": 8, "pos": [54, 9]}, "53;9": {"type": "stone", "variant": 8, "pos": [53, 9]}, "55;8": {"type": "stone", "variant": 1, "pos": [55, 8]}, "54;8": {"type": "stone", "variant": 1, "pos": [54, 8]}, "53;8": {"type": "stone", "variant": 1, "pos": [53, 8]}, "52;9": {"type": "stone", "variant": 8, "pos": [52, 9]}, "46;10": {"type": "stone", "variant": 4, "pos": [46, 10]}, "46;9": {"type": "stone", "variant": 3, "pos": [46, 9]}, "45;9": {"type": "stone", "variant": 8, "pos": [45, 9]}, "45;8": {"type": "stone", "variant": 8, "pos": [45, 8]}, "44;8": {"type": "stone", "variant": 8, "pos": [44, 8]}, "43;8": {"type": "stone", "variant": 8, "pos": [43, 8]}, "43;9": {"type": "stone", "variant": 8, "pos": [43, 9]}, "42;9": {"type": "stone", "variant": 8, "pos": [42, 9]}, "42;10": {"type": "stone", "variant": 6, "pos": [42, 10]}, "43;10": {"type": "stone", "variant": 5, "pos": [43, 10]}, "44;9": {"type": "stone", "variant": 8, "pos": [44, 9]}, "44;10": {"type": "stone", "variant": 5, "pos": [44, 10]}, "45;10": {"type": "stone", "variant": 5, "pos": [45, 10]}, "42;8": {"type": "stone", "variant": 8, "pos": [42, 8]}, "46;8": {"type": "stone", "variant": 3, "pos": [46, 8]}, "46;7": {"type": "stone", "variant": 2, "pos": [46, 7]}, "45;7": {"type": "stone", "variant": 1, "pos": [45, 7]}, "44;7": {"type": "stone", "variant": 1, "pos": [44, 7]}, "43;7": {"type": "stone", "variant": 1, "pos": [43, 7]}, "42;7": {"type": "stone", "variant": 1, "pos": [42, 7]}, "41;7": {"type": "stone", "variant": 0, "pos": [41, 7]}, "41;8": {"type": "stone", "variant": 7, "pos": [41, 8]}, "41;9": {"type": "stone", "variant": 6, "pos": [41, 9]}, "51;9": {"type": "stone", "variant": 0, "pos": [51, 9]}, "52;8": {"type": "stone", "variant": 0, "pos": [52, 8]}, "37;5": {"type": "grass", "variant": 2, "pos": [37, 5]}, "36;5": {"type": "grass", "variant": 1, "pos": [36, 5]}, "35;5": {"type": "grass", "variant": 1, "pos": [35, 5]}, "34;5": {"type": "grass", "variant": 8, "pos": [34, 5]}, "33;5": {"type": "grass", "variant": 8, "pos": [33, 5]}, "32;5": {"type": "grass", "variant": 8, "pos": [32, 5]}, "32;4": {"type": "grass", "variant": 1, "pos": [32, 4]}, "33;4": {"type": "grass", "variant": 1, "pos": [33, 4]}, "34;4": {"type": "grass", "variant": 2, "pos": [34, 4]}, "31;5": {"type": "grass", "variant": 8, "pos": [31, 5]}, "30;5": {"type": "grass", "variant": 8, "pos": [30, 5]}, "30;4": {"type": "grass", "variant": 1, "pos": [30, 4]}, "31;4": {"type": "grass", "variant": 1, "pos": [31, 4]}, "29;4": {"type": "grass", "variant": 1, "pos": [29, 4]}, "28;4": {"type": "grass", "variant": 1, "pos": [28, 4]}, "28;5": {"type": "grass", "variant": 8, "pos": [28, 5]}, "29;5": {"type": "grass", "variant": 8, "pos": [29, 5]}, "27;5": {"type": "grass", "variant": 8, "pos": [27, 5]}, "26;5": {"type": "grass", "variant": 8, "pos": [26, 5]}, "25;5": {"type": "grass", "variant": 8, "pos": [25, 5]}, "28;6": {"type": "grass", "variant": 8, "pos": [28, 6]}, "29;6": {"type": "grass", "variant": 8, "pos": [29, 6]}, "30;6": {"type": "grass", "variant": 8, "pos": [30, 6]}, "31;6": {"type": "grass", "variant": 8, "pos": [31, 6]}, "32;6": {"type": "grass", "variant": 8, "pos": [32, 6]}, "33;6": {"type": "grass", "variant": 5, "pos": [33, 6]}, "34;6": {"type": "grass", "variant": 5, "pos": [34, 6]}, "35;6": {"type": "grass", "variant": 5, "pos": [35, 6]}, "36;6": {"type": "grass", "variant": 4, "pos": [36, 6]}, "27;6": {"type": "grass", "variant": 8, "pos": [27, 6]}, "27;4": {"type": "grass", "variant": 1, "pos": [27, 4]}, "26;4": {"type": "grass", "variant": 1, "pos": [26, 4]}, "25;4": {"type": "grass", "variant": 1, "pos": [25, 4]}, "24;4": {"type": "grass", "variant": 0, "pos": [24, 4]}, "26;6": {"type": "grass", "variant": 8, "pos": [26, 6]}, "25;6": {"type": "grass", "variant": 8, "pos": [25, 6]}, "24;6": {"type": "grass", "variant": 5, "pos": [24, 6]}, "23;6": {"type": "grass", "variant": 5, "pos": [23, 6]}, "22;6": {"type": "grass", "variant": 5, "pos": [22, 6]}, "21;6": {"type": "grass", "variant": 0, "pos": [21, 6]}, "22;5": {"type": "grass", "variant": 0, "pos": [22, 5]}, "23;5": {"type": "grass", "variant": 1, "pos": [23, 5]}, "24;5": {"type": "grass", "variant": 8, "pos": [24, 5]}, "25;7": {"type": "grass", "variant": 6, "pos": [25, 7]}, "26;7": {"type": "grass", "variant": 5, "pos": [26, 7]}, "27;7": {"type": "grass", "variant": 5, "pos": [27, 7]}, "28;7": {"type": "grass", "variant": 5, "pos": [28, 7]}, "29;7": {"type": "grass", "variant": 5, "pos": [29, 7]}, "30;7": {"type": "grass", "variant": 5, "pos": [30, 7]}, "31;7": {"type": "grass", "variant": 5, "pos": [31, 7]}, "32;7": {"type": "grass", "variant": 4, "pos": [32, 7]}}, "tile_size": 16, "offgrid": [{"type": "spawners", "variant": 1, "pos": [521, 225.0]}, {"type": "spawners", "variant": 1, "pos": [426.0, 209]}, {"type": "spawners", "variant": 1, "pos": [662.0, 225.0]}, {"type": "spawners", "variant": 1, "pos": [744, 225]}, {"type": "spawners", "variant": 1, "pos": [678.0, 97]}, {"type": "spawners", "variant": 1, "pos": [901.0, 113.0]}, {"type": "large_decor", "variant": 8, "pos": [554, 50.0]}, {"type": "large_decor", "variant": 9, "pos": [673, 190]}, {"type": "large_decor", "variant": 11, "pos": [416.0, 35]}, {"type": "large_decor", "variant": 11, "pos": [196.0, 184]}, {"type": "large_decor", "variant": 11, "pos": [449.0, 211.0]}, {"type": "spawners", "variant": 0, "pos": [265, 193]}, {"type": "large_decor", "variant": 4, "pos": [196, 79.0]}, {"type": "large_decor", "variant": 10, "pos": [300.0, 139]}, {"type": "spawners", "variant": 1, "pos": [540, 49.0]}, {"type": "spawners", "variant": 1, "pos": [401, 49.0]}, {"type": "spawners", "variant": 1, "pos": [472.0, 49]}, {"type": "large_decor", "variant": 6, "pos": [440, -111]}, {"type": "large_decor", "variant": 5, "pos": [353, -44]}, {"type": "spawners", "variant": 2, "pos": [638, 207]}, {"type": "spawners", "variant": 2, "pos": [850, 93]}, {"type": "spawners", "variant": 2, "pos": [565, 45]}]}