{"tilemap": {"12;13": {"type": "stone", "variant": 2, "pos": [12, 13]}, "13;14": {"type": "stone", "variant": 2, "pos": [13, 14]}, "13;15": {"type": "stone", "variant": 8, "pos": [13, 15]}, "13;16": {"type": "stone", "variant": 8, "pos": [13, 16]}, "14;16": {"type": "stone", "variant": 8, "pos": [14, 16]}, "14;17": {"type": "stone", "variant": 8, "pos": [14, 17]}, "15;18": {"type": "stone", "variant": 5, "pos": [15, 18]}, "16;18": {"type": "stone", "variant": 8, "pos": [16, 18]}, "16;19": {"type": "stone", "variant": 6, "pos": [16, 19]}, "17;19": {"type": "stone", "variant": 5, "pos": [17, 19]}, "18;19": {"type": "stone", "variant": 5, "pos": [18, 19]}, "19;19": {"type": "stone", "variant": 5, "pos": [19, 19]}, "20;19": {"type": "stone", "variant": 5, "pos": [20, 19]}, "21;19": {"type": "stone", "variant": 5, "pos": [21, 19]}, "21;18": {"type": "stone", "variant": 8, "pos": [21, 18]}, "22;18": {"type": "stone", "variant": 8, "pos": [22, 18]}, "20;18": {"type": "stone", "variant": 8, "pos": [20, 18]}, "19;18": {"type": "stone", "variant": 8, "pos": [19, 18]}, "18;18": {"type": "stone", "variant": 8, "pos": [18, 18]}, "17;18": {"type": "stone", "variant": 8, "pos": [17, 18]}, "14;18": {"type": "stone", "variant": 5, "pos": [14, 18]}, "13;18": {"type": "stone", "variant": 6, "pos": [13, 18]}, "12;17": {"type": "stone", "variant": 5, "pos": [12, 17]}, "11;17": {"type": "stone", "variant": 6, "pos": [11, 17]}, "10;16": {"type": "stone", "variant": 6, "pos": [10, 16]}, "10;15": {"type": "stone", "variant": 7, "pos": [10, 15]}, "11;15": {"type": "stone", "variant": 8, "pos": [11, 15]}, "12;15": {"type": "stone", "variant": 8, "pos": [12, 15]}, "12;14": {"type": "stone", "variant": 8, "pos": [12, 14]}, "11;14": {"type": "stone", "variant": 8, "pos": [11, 14]}, "12;16": {"type": "stone", "variant": 8, "pos": [12, 16]}, "11;16": {"type": "stone", "variant": 8, "pos": [11, 16]}, "13;17": {"type": "stone", "variant": 8, "pos": [13, 17]}, "11;13": {"type": "stone", "variant": 0, "pos": [11, 13]}, "10;14": {"type": "stone", "variant": 0, "pos": [10, 14]}, "15;17": {"type": "stone", "variant": 8, "pos": [15, 17]}, "16;17": {"type": "stone", "variant": 1, "pos": [16, 17]}, "17;17": {"type": "stone", "variant": 1, "pos": [17, 17]}, "15;16": {"type": "stone", "variant": 2, "pos": [15, 16]}, "14;15": {"type": "stone", "variant": 2, "pos": [14, 15]}, "18;17": {"type": "stone", "variant": 1, "pos": [18, 17]}, "19;17": {"type": "stone", "variant": 1, "pos": [19, 17]}, "20;17": {"type": "stone", "variant": 1, "pos": [20, 17]}, "21;17": {"type": "stone", "variant": 1, "pos": [21, 17]}, "22;17": {"type": "stone", "variant": 8, "pos": [22, 17]}, "22;16": {"type": "stone", "variant": 0, "pos": [22, 16]}, "23;16": {"type": "stone", "variant": 1, "pos": [23, 16]}, "24;16": {"type": "stone", "variant": 8, "pos": [24, 16]}, "24;15": {"type": "stone", "variant": 0, "pos": [24, 15]}, "25;15": {"type": "stone", "variant": 8, "pos": [25, 15]}, "25;14": {"type": "stone", "variant": 0, "pos": [25, 14]}, "26;14": {"type": "stone", "variant": 1, "pos": [26, 14]}, "27;13": {"type": "stone", "variant": 0, "pos": [27, 13]}, "28;13": {"type": "stone", "variant": 1, "pos": [28, 13]}, "29;13": {"type": "stone", "variant": 1, "pos": [29, 13]}, "30;13": {"type": "stone", "variant": 1, "pos": [30, 13]}, "31;13": {"type": "stone", "variant": 1, "pos": [31, 13]}, "32;13": {"type": "stone", "variant": 2, "pos": [32, 13]}, "29;14": {"type": "stone", "variant": 8, "pos": [29, 14]}, "28;15": {"type": "stone", "variant": 5, "pos": [28, 15]}, "27;15": {"type": "stone", "variant": 8, "pos": [27, 15]}, "26;16": {"type": "stone", "variant": 5, "pos": [26, 16]}, "25;16": {"type": "stone", "variant": 8, "pos": [25, 16]}, "24;17": {"type": "stone", "variant": 8, "pos": [24, 17]}, "23;17": {"type": "stone", "variant": 8, "pos": [23, 17]}, "22;19": {"type": "stone", "variant": 4, "pos": [22, 19]}, "23;18": {"type": "stone", "variant": 5, "pos": [23, 18]}, "24;18": {"type": "stone", "variant": 4, "pos": [24, 18]}, "25;17": {"type": "stone", "variant": 4, "pos": [25, 17]}, "27;16": {"type": "stone", "variant": 4, "pos": [27, 16]}, "29;15": {"type": "stone", "variant": 4, "pos": [29, 15]}, "30;14": {"type": "stone", "variant": 5, "pos": [30, 14]}, "31;14": {"type": "stone", "variant": 5, "pos": [31, 14]}, "32;14": {"type": "stone", "variant": 4, "pos": [32, 14]}, "28;14": {"type": "stone", "variant": 8, "pos": [28, 14]}, "27;14": {"type": "stone", "variant": 8, "pos": [27, 14]}, "26;15": {"type": "stone", "variant": 8, "pos": [26, 15]}, "5;11": {"type": "stone", "variant": 5, "pos": [5, 11]}, "4;11": {"type": "stone", "variant": 5, "pos": [4, 11]}, "3;10": {"type": "stone", "variant": 8, "pos": [3, 10]}, "2;10": {"type": "stone", "variant": 8, "pos": [2, 10]}, "1;9": {"type": "stone", "variant": 8, "pos": [1, 9]}, "1;8": {"type": "stone", "variant": 2, "pos": [1, 8]}, "0;8": {"type": "stone", "variant": 1, "pos": [0, 8]}, "-1;7": {"type": "stone", "variant": 2, "pos": [-1, 7]}, "-2;7": {"type": "stone", "variant": 1, "pos": [-2, 7]}, "-3;7": {"type": "stone", "variant": 1, "pos": [-3, 7]}, "-4;7": {"type": "stone", "variant": 1, "pos": [-4, 7]}, "-5;7": {"type": "stone", "variant": 0, "pos": [-5, 7]}, "-6;8": {"type": "stone", "variant": 0, "pos": [-6, 8]}, "-7;9": {"type": "stone", "variant": 0, "pos": [-7, 9]}, "-7;10": {"type": "stone", "variant": 6, "pos": [-7, 10]}, "-6;11": {"type": "stone", "variant": 6, "pos": [-6, 11]}, "-5;11": {"type": "stone", "variant": 5, "pos": [-5, 11]}, "-4;10": {"type": "stone", "variant": 8, "pos": [-4, 10]}, "-3;10": {"type": "stone", "variant": 5, "pos": [-3, 10]}, "-2;10": {"type": "stone", "variant": 5, "pos": [-2, 10]}, "-1;9": {"type": "stone", "variant": 8, "pos": [-1, 9]}, "0;9": {"type": "stone", "variant": 8, "pos": [0, 9]}, "2;9": {"type": "stone", "variant": 1, "pos": [2, 9]}, "3;9": {"type": "stone", "variant": 2, "pos": [3, 9]}, "4;10": {"type": "stone", "variant": 1, "pos": [4, 10]}, "5;10": {"type": "stone", "variant": 1, "pos": [5, 10]}, "6;11": {"type": "stone", "variant": 4, "pos": [6, 11]}, "3;11": {"type": "stone", "variant": 5, "pos": [3, 11]}, "2;11": {"type": "stone", "variant": 5, "pos": [2, 11]}, "1;10": {"type": "stone", "variant": 8, "pos": [1, 10]}, "0;10": {"type": "stone", "variant": 8, "pos": [0, 10]}, "-1;10": {"type": "stone", "variant": 5, "pos": [-1, 10]}, "-3;9": {"type": "stone", "variant": 8, "pos": [-3, 9]}, "-4;9": {"type": "stone", "variant": 8, "pos": [-4, 9]}, "0;11": {"type": "stone", "variant": 6, "pos": [0, 11]}, "1;11": {"type": "stone", "variant": 5, "pos": [1, 11]}, "-2;9": {"type": "stone", "variant": 8, "pos": [-2, 9]}, "-5;9": {"type": "stone", "variant": 8, "pos": [-5, 9]}, "-5;8": {"type": "stone", "variant": 8, "pos": [-5, 8]}, "-4;8": {"type": "stone", "variant": 8, "pos": [-4, 8]}, "-3;8": {"type": "stone", "variant": 8, "pos": [-3, 8]}, "-2;8": {"type": "stone", "variant": 8, "pos": [-2, 8]}, "-1;8": {"type": "stone", "variant": 8, "pos": [-1, 8]}, "-6;9": {"type": "stone", "variant": 8, "pos": [-6, 9]}, "-6;10": {"type": "stone", "variant": 8, "pos": [-6, 10]}, "-5;10": {"type": "stone", "variant": 8, "pos": [-5, 10]}, "6;10": {"type": "stone", "variant": 2, "pos": [6, 10]}, "14;1": {"type": "grass", "variant": 2, "pos": [14, 1]}, "13;1": {"type": "grass", "variant": 1, "pos": [13, 1]}, "12;2": {"type": "grass", "variant": 8, "pos": [12, 2]}, "11;2": {"type": "grass", "variant": 1, "pos": [11, 2]}, "11;3": {"type": "grass", "variant": 8, "pos": [11, 3]}, "11;4": {"type": "grass", "variant": 8, "pos": [11, 4]}, "11;5": {"type": "grass", "variant": 6, "pos": [11, 5]}, "12;5": {"type": "grass", "variant": 5, "pos": [12, 5]}, "13;5": {"type": "grass", "variant": 5, "pos": [13, 5]}, "14;5": {"type": "grass", "variant": 4, "pos": [14, 5]}, "15;4": {"type": "grass", "variant": 5, "pos": [15, 4]}, "16;4": {"type": "grass", "variant": 4, "pos": [16, 4]}, "16;3": {"type": "grass", "variant": 3, "pos": [16, 3]}, "16;2": {"type": "grass", "variant": 2, "pos": [16, 2]}, "15;2": {"type": "grass", "variant": 1, "pos": [15, 2]}, "14;2": {"type": "grass", "variant": 8, "pos": [14, 2]}, "12;1": {"type": "grass", "variant": 0, "pos": [12, 1]}, "10;2": {"type": "grass", "variant": 0, "pos": [10, 2]}, "10;3": {"type": "grass", "variant": 8, "pos": [10, 3]}, "9;3": {"type": "grass", "variant": 0, "pos": [9, 3]}, "10;4": {"type": "grass", "variant": 5, "pos": [10, 4]}, "12;3": {"type": "grass", "variant": 8, "pos": [12, 3]}, "13;3": {"type": "grass", "variant": 8, "pos": [13, 3]}, "14;3": {"type": "grass", "variant": 8, "pos": [14, 3]}, "12;4": {"type": "grass", "variant": 8, "pos": [12, 4]}, "13;4": {"type": "grass", "variant": 8, "pos": [13, 4]}, "14;4": {"type": "grass", "variant": 8, "pos": [14, 4]}, "15;3": {"type": "grass", "variant": 8, "pos": [15, 3]}, "13;2": {"type": "grass", "variant": 8, "pos": [13, 2]}, "9;4": {"type": "grass", "variant": 6, "pos": [9, 4]}, "33;-4": {"type": "grass", "variant": 2, "pos": [33, -4]}, "32;-4": {"type": "grass", "variant": 1, "pos": [32, -4]}, "31;-4": {"type": "grass", "variant": 1, "pos": [31, -4]}, "30;-4": {"type": "grass", "variant": 1, "pos": [30, -4]}, "29;-4": {"type": "grass", "variant": 1, "pos": [29, -4]}, "28;-4": {"type": "grass", "variant": 0, "pos": [28, -4]}, "27;-3": {"type": "grass", "variant": 1, "pos": [27, -3]}, "26;-3": {"type": "grass", "variant": 0, "pos": [26, -3]}, "26;-2": {"type": "grass", "variant": 8, "pos": [26, -2]}, "25;-2": {"type": "grass", "variant": 0, "pos": [25, -2]}, "25;-1": {"type": "grass", "variant": 6, "pos": [25, -1]}, "26;0": {"type": "grass", "variant": 6, "pos": [26, 0]}, "27;0": {"type": "grass", "variant": 5, "pos": [27, 0]}, "29;0": {"type": "grass", "variant": 5, "pos": [29, 0]}, "30;0": {"type": "grass", "variant": 5, "pos": [30, 0]}, "31;0": {"type": "grass", "variant": 4, "pos": [31, 0]}, "32;-1": {"type": "grass", "variant": 5, "pos": [32, -1]}, "33;-1": {"type": "grass", "variant": 4, "pos": [33, -1]}, "33;-2": {"type": "grass", "variant": 8, "pos": [33, -2]}, "34;-2": {"type": "grass", "variant": 4, "pos": [34, -2]}, "34;-3": {"type": "grass", "variant": 2, "pos": [34, -3]}, "33;-3": {"type": "grass", "variant": 8, "pos": [33, -3]}, "32;-2": {"type": "grass", "variant": 8, "pos": [32, -2]}, "31;-2": {"type": "grass", "variant": 8, "pos": [31, -2]}, "30;-2": {"type": "grass", "variant": 8, "pos": [30, -2]}, "29;-2": {"type": "grass", "variant": 8, "pos": [29, -2]}, "27;-2": {"type": "grass", "variant": 8, "pos": [27, -2]}, "26;-1": {"type": "grass", "variant": 8, "pos": [26, -1]}, "27;-1": {"type": "grass", "variant": 8, "pos": [27, -1]}, "28;-1": {"type": "grass", "variant": 8, "pos": [28, -1]}, "29;-1": {"type": "grass", "variant": 8, "pos": [29, -1]}, "30;-1": {"type": "grass", "variant": 8, "pos": [30, -1]}, "31;-1": {"type": "grass", "variant": 8, "pos": [31, -1]}, "31;-3": {"type": "grass", "variant": 8, "pos": [31, -3]}, "32;-3": {"type": "grass", "variant": 8, "pos": [32, -3]}, "30;-3": {"type": "grass", "variant": 8, "pos": [30, -3]}, "29;-3": {"type": "grass", "variant": 8, "pos": [29, -3]}, "28;-2": {"type": "grass", "variant": 8, "pos": [28, -2]}, "28;-3": {"type": "grass", "variant": 8, "pos": [28, -3]}, "28;0": {"type": "grass", "variant": 5, "pos": [28, 0]}, "47;16": {"type": "stone", "variant": 0, "pos": [47, 16]}, "47;17": {"type": "stone", "variant": 8, "pos": [47, 17]}, "46;17": {"type": "stone", "variant": 1, "pos": [46, 17]}, "45;17": {"type": "stone", "variant": 1, "pos": [45, 17]}, "44;17": {"type": "stone", "variant": 1, "pos": [44, 17]}, "43;17": {"type": "stone", "variant": 0, "pos": [43, 17]}, "42;18": {"type": "stone", "variant": 0, "pos": [42, 18]}, "41;19": {"type": "stone", "variant": 1, "pos": [41, 19]}, "40;19": {"type": "stone", "variant": 0, "pos": [40, 19]}, "40;20": {"type": "stone", "variant": 6, "pos": [40, 20]}, "41;20": {"type": "stone", "variant": 5, "pos": [41, 20]}, "42;21": {"type": "stone", "variant": 6, "pos": [42, 21]}, "43;21": {"type": "stone", "variant": 5, "pos": [43, 21]}, "44;21": {"type": "stone", "variant": 5, "pos": [44, 21]}, "45;21": {"type": "stone", "variant": 5, "pos": [45, 21]}, "46;21": {"type": "stone", "variant": 5, "pos": [46, 21]}, "47;21": {"type": "stone", "variant": 5, "pos": [47, 21]}, "48;21": {"type": "stone", "variant": 5, "pos": [48, 21]}, "49;21": {"type": "stone", "variant": 5, "pos": [49, 21]}, "50;21": {"type": "stone", "variant": 4, "pos": [50, 21]}, "50;20": {"type": "stone", "variant": 3, "pos": [50, 20]}, "50;19": {"type": "stone", "variant": 3, "pos": [50, 19]}, "50;18": {"type": "stone", "variant": 2, "pos": [50, 18]}, "49;17": {"type": "stone", "variant": 2, "pos": [49, 17]}, "48;17": {"type": "stone", "variant": 8, "pos": [48, 17]}, "46;18": {"type": "stone", "variant": 8, "pos": [46, 18]}, "45;18": {"type": "stone", "variant": 8, "pos": [45, 18]}, "44;18": {"type": "stone", "variant": 8, "pos": [44, 18]}, "44;19": {"type": "stone", "variant": 8, "pos": [44, 19]}, "43;19": {"type": "stone", "variant": 8, "pos": [43, 19]}, "42;20": {"type": "stone", "variant": 8, "pos": [42, 20]}, "43;20": {"type": "stone", "variant": 8, "pos": [43, 20]}, "44;20": {"type": "stone", "variant": 8, "pos": [44, 20]}, "45;20": {"type": "stone", "variant": 8, "pos": [45, 20]}, "46;20": {"type": "stone", "variant": 8, "pos": [46, 20]}, "47;20": {"type": "stone", "variant": 8, "pos": [47, 20]}, "48;19": {"type": "stone", "variant": 8, "pos": [48, 19]}, "49;19": {"type": "stone", "variant": 8, "pos": [49, 19]}, "48;18": {"type": "stone", "variant": 8, "pos": [48, 18]}, "47;18": {"type": "stone", "variant": 8, "pos": [47, 18]}, "47;19": {"type": "stone", "variant": 8, "pos": [47, 19]}, "46;19": {"type": "stone", "variant": 8, "pos": [46, 19]}, "45;19": {"type": "stone", "variant": 8, "pos": [45, 19]}, "49;18": {"type": "stone", "variant": 8, "pos": [49, 18]}, "43;18": {"type": "stone", "variant": 8, "pos": [43, 18]}, "42;19": {"type": "stone", "variant": 8, "pos": [42, 19]}, "48;16": {"type": "stone", "variant": 2, "pos": [48, 16]}, "48;20": {"type": "stone", "variant": 8, "pos": [48, 20]}, "49;20": {"type": "stone", "variant": 8, "pos": [49, 20]}, "54;6": {"type": "grass", "variant": 8, "pos": [54, 6]}, "54;5": {"type": "grass", "variant": 2, "pos": [54, 5]}, "53;5": {"type": "grass", "variant": 1, "pos": [53, 5]}, "52;5": {"type": "grass", "variant": 1, "pos": [52, 5]}, "51;5": {"type": "grass", "variant": 1, "pos": [51, 5]}, "50;5": {"type": "grass", "variant": 1, "pos": [50, 5]}, "49;5": {"type": "grass", "variant": 1, "pos": [49, 5]}, "48;5": {"type": "grass", "variant": 1, "pos": [48, 5]}, "47;5": {"type": "grass", "variant": 1, "pos": [47, 5]}, "46;5": {"type": "grass", "variant": 1, "pos": [46, 5]}, "46;6": {"type": "grass", "variant": 8, "pos": [46, 6]}, "45;6": {"type": "grass", "variant": 7, "pos": [45, 6]}, "45;7": {"type": "grass", "variant": 7, "pos": [45, 7]}, "45;8": {"type": "grass", "variant": 6, "pos": [45, 8]}, "46;8": {"type": "grass", "variant": 5, "pos": [46, 8]}, "47;8": {"type": "grass", "variant": 5, "pos": [47, 8]}, "48;8": {"type": "grass", "variant": 5, "pos": [48, 8]}, "49;8": {"type": "grass", "variant": 5, "pos": [49, 8]}, "50;8": {"type": "grass", "variant": 5, "pos": [50, 8]}, "51;8": {"type": "grass", "variant": 5, "pos": [51, 8]}, "52;8": {"type": "grass", "variant": 4, "pos": [52, 8]}, "53;7": {"type": "grass", "variant": 5, "pos": [53, 7]}, "54;7": {"type": "grass", "variant": 5, "pos": [54, 7]}, "55;7": {"type": "grass", "variant": 4, "pos": [55, 7]}, "55;6": {"type": "grass", "variant": 2, "pos": [55, 6]}, "53;6": {"type": "grass", "variant": 8, "pos": [53, 6]}, "52;6": {"type": "grass", "variant": 8, "pos": [52, 6]}, "51;6": {"type": "grass", "variant": 8, "pos": [51, 6]}, "50;6": {"type": "grass", "variant": 8, "pos": [50, 6]}, "49;6": {"type": "grass", "variant": 8, "pos": [49, 6]}, "49;7": {"type": "grass", "variant": 8, "pos": [49, 7]}, "48;7": {"type": "grass", "variant": 8, "pos": [48, 7]}, "47;7": {"type": "grass", "variant": 8, "pos": [47, 7]}, "46;7": {"type": "grass", "variant": 8, "pos": [46, 7]}, "50;7": {"type": "grass", "variant": 8, "pos": [50, 7]}, "51;7": {"type": "grass", "variant": 8, "pos": [51, 7]}, "52;7": {"type": "grass", "variant": 8, "pos": [52, 7]}, "47;6": {"type": "grass", "variant": 8, "pos": [47, 6]}, "48;6": {"type": "grass", "variant": 8, "pos": [48, 6]}, "66;25": {"type": "grass", "variant": 2, "pos": [66, 25]}, "65;26": {"type": "grass", "variant": 8, "pos": [65, 26]}, "64;26": {"type": "grass", "variant": 8, "pos": [64, 26]}, "64;25": {"type": "grass", "variant": 1, "pos": [64, 25]}, "63;25": {"type": "grass", "variant": 1, "pos": [63, 25]}, "62;25": {"type": "grass", "variant": 1, "pos": [62, 25]}, "61;25": {"type": "grass", "variant": 1, "pos": [61, 25]}, "60;25": {"type": "grass", "variant": 1, "pos": [60, 25]}, "59;25": {"type": "grass", "variant": 0, "pos": [59, 25]}, "58;26": {"type": "grass", "variant": 1, "pos": [58, 26]}, "58;27": {"type": "grass", "variant": 8, "pos": [58, 27]}, "59;28": {"type": "grass", "variant": 8, "pos": [59, 28]}, "60;28": {"type": "grass", "variant": 8, "pos": [60, 28]}, "60;29": {"type": "grass", "variant": 5, "pos": [60, 29]}, "61;29": {"type": "grass", "variant": 5, "pos": [61, 29]}, "62;29": {"type": "grass", "variant": 5, "pos": [62, 29]}, "63;29": {"type": "grass", "variant": 5, "pos": [63, 29]}, "64;29": {"type": "grass", "variant": 5, "pos": [64, 29]}, "65;29": {"type": "grass", "variant": 4, "pos": [65, 29]}, "66;28": {"type": "grass", "variant": 5, "pos": [66, 28]}, "67;28": {"type": "grass", "variant": 4, "pos": [67, 28]}, "67;27": {"type": "grass", "variant": 3, "pos": [67, 27]}, "67;26": {"type": "grass", "variant": 2, "pos": [67, 26]}, "66;26": {"type": "grass", "variant": 8, "pos": [66, 26]}, "57;26": {"type": "grass", "variant": 1, "pos": [57, 26]}, "56;26": {"type": "grass", "variant": 0, "pos": [56, 26]}, "59;27": {"type": "grass", "variant": 8, "pos": [59, 27]}, "60;27": {"type": "grass", "variant": 8, "pos": [60, 27]}, "62;27": {"type": "grass", "variant": 8, "pos": [62, 27]}, "63;27": {"type": "grass", "variant": 8, "pos": [63, 27]}, "64;27": {"type": "grass", "variant": 8, "pos": [64, 27]}, "65;25": {"type": "grass", "variant": 1, "pos": [65, 25]}, "61;26": {"type": "grass", "variant": 8, "pos": [61, 26]}, "61;28": {"type": "grass", "variant": 8, "pos": [61, 28]}, "62;28": {"type": "grass", "variant": 8, "pos": [62, 28]}, "63;28": {"type": "grass", "variant": 8, "pos": [63, 28]}, "64;28": {"type": "grass", "variant": 8, "pos": [64, 28]}, "65;28": {"type": "grass", "variant": 8, "pos": [65, 28]}, "66;27": {"type": "grass", "variant": 8, "pos": [66, 27]}, "65;27": {"type": "grass", "variant": 8, "pos": [65, 27]}, "62;26": {"type": "grass", "variant": 8, "pos": [62, 26]}, "63;26": {"type": "grass", "variant": 8, "pos": [63, 26]}, "61;27": {"type": "grass", "variant": 8, "pos": [61, 27]}, "60;26": {"type": "grass", "variant": 8, "pos": [60, 26]}, "59;26": {"type": "grass", "variant": 8, "pos": [59, 26]}, "57;27": {"type": "grass", "variant": 5, "pos": [57, 27]}, "58;28": {"type": "grass", "variant": 6, "pos": [58, 28]}, "59;29": {"type": "grass", "variant": 6, "pos": [59, 29]}, "56;27": {"type": "grass", "variant": 6, "pos": [56, 27]}, "73;10": {"type": "grass", "variant": 2, "pos": [73, 10]}, "72;10": {"type": "grass", "variant": 1, "pos": [72, 10]}, "71;10": {"type": "grass", "variant": 1, "pos": [71, 10]}, "70;10": {"type": "grass", "variant": 1, "pos": [70, 10]}, "69;10": {"type": "grass", "variant": 0, "pos": [69, 10]}, "68;11": {"type": "grass", "variant": 0, "pos": [68, 11]}, "68;12": {"type": "grass", "variant": 8, "pos": [68, 12]}, "67;12": {"type": "grass", "variant": 0, "pos": [67, 12]}, "67;13": {"type": "grass", "variant": 7, "pos": [67, 13]}, "67;14": {"type": "grass", "variant": 7, "pos": [67, 14]}, "67;15": {"type": "grass", "variant": 6, "pos": [67, 15]}, "68;16": {"type": "grass", "variant": 6, "pos": [68, 16]}, "69;16": {"type": "grass", "variant": 5, "pos": [69, 16]}, "70;16": {"type": "grass", "variant": 5, "pos": [70, 16]}, "71;16": {"type": "grass", "variant": 5, "pos": [71, 16]}, "72;16": {"type": "grass", "variant": 4, "pos": [72, 16]}, "73;15": {"type": "grass", "variant": 4, "pos": [73, 15]}, "74;14": {"type": "grass", "variant": 5, "pos": [74, 14]}, "75;14": {"type": "grass", "variant": 4, "pos": [75, 14]}, "75;13": {"type": "grass", "variant": 8, "pos": [75, 13]}, "76;13": {"type": "grass", "variant": 4, "pos": [76, 13]}, "76;12": {"type": "grass", "variant": 2, "pos": [76, 12]}, "75;12": {"type": "grass", "variant": 8, "pos": [75, 12]}, "74;12": {"type": "grass", "variant": 8, "pos": [74, 12]}, "73;12": {"type": "grass", "variant": 8, "pos": [73, 12]}, "72;13": {"type": "grass", "variant": 8, "pos": [72, 13]}, "71;13": {"type": "grass", "variant": 8, "pos": [71, 13]}, "70;14": {"type": "grass", "variant": 8, "pos": [70, 14]}, "69;14": {"type": "grass", "variant": 8, "pos": [69, 14]}, "69;15": {"type": "grass", "variant": 8, "pos": [69, 15]}, "72;15": {"type": "grass", "variant": 8, "pos": [72, 15]}, "73;14": {"type": "grass", "variant": 8, "pos": [73, 14]}, "73;13": {"type": "grass", "variant": 8, "pos": [73, 13]}, "74;13": {"type": "grass", "variant": 8, "pos": [74, 13]}, "72;14": {"type": "grass", "variant": 8, "pos": [72, 14]}, "71;14": {"type": "grass", "variant": 8, "pos": [71, 14]}, "70;15": {"type": "grass", "variant": 8, "pos": [70, 15]}, "71;15": {"type": "grass", "variant": 8, "pos": [71, 15]}, "70;13": {"type": "grass", "variant": 8, "pos": [70, 13]}, "68;15": {"type": "grass", "variant": 8, "pos": [68, 15]}, "68;14": {"type": "grass", "variant": 8, "pos": [68, 14]}, "68;13": {"type": "grass", "variant": 8, "pos": [68, 13]}, "69;12": {"type": "grass", "variant": 8, "pos": [69, 12]}, "69;11": {"type": "grass", "variant": 8, "pos": [69, 11]}, "70;11": {"type": "grass", "variant": 8, "pos": [70, 11]}, "71;11": {"type": "grass", "variant": 8, "pos": [71, 11]}, "72;11": {"type": "grass", "variant": 8, "pos": [72, 11]}, "73;11": {"type": "grass", "variant": 8, "pos": [73, 11]}, "74;11": {"type": "grass", "variant": 1, "pos": [74, 11]}, "72;12": {"type": "grass", "variant": 8, "pos": [72, 12]}, "71;12": {"type": "grass", "variant": 8, "pos": [71, 12]}, "70;12": {"type": "grass", "variant": 8, "pos": [70, 12]}, "69;13": {"type": "grass", "variant": 8, "pos": [69, 13]}, "75;11": {"type": "grass", "variant": 2, "pos": [75, 11]}, "3;-6": {"type": "grass", "variant": 3, "pos": [3, -6]}, "3;-7": {"type": "grass", "variant": 2, "pos": [3, -7]}, "2;-7": {"type": "grass", "variant": 1, "pos": [2, -7]}, "1;-7": {"type": "grass", "variant": 1, "pos": [1, -7]}, "0;-7": {"type": "grass", "variant": 1, "pos": [0, -7]}, "-1;-7": {"type": "grass", "variant": 1, "pos": [-1, -7]}, "-2;-7": {"type": "grass", "variant": 1, "pos": [-2, -7]}, "-3;-7": {"type": "grass", "variant": 1, "pos": [-3, -7]}, "-4;-7": {"type": "grass", "variant": 0, "pos": [-4, -7]}, "-4;-6": {"type": "grass", "variant": 8, "pos": [-4, -6]}, "-5;-6": {"type": "grass", "variant": 0, "pos": [-5, -6]}, "-5;-5": {"type": "grass", "variant": 7, "pos": [-5, -5]}, "-5;-4": {"type": "grass", "variant": 7, "pos": [-5, -4]}, "-5;-3": {"type": "grass", "variant": 6, "pos": [-5, -3]}, "-4;-3": {"type": "grass", "variant": 8, "pos": [-4, -3]}, "-4;-2": {"type": "grass", "variant": 6, "pos": [-4, -2]}, "-3;-2": {"type": "grass", "variant": 5, "pos": [-3, -2]}, "-2;-2": {"type": "grass", "variant": 5, "pos": [-2, -2]}, "-1;-2": {"type": "grass", "variant": 5, "pos": [-1, -2]}, "0;-2": {"type": "grass", "variant": 5, "pos": [0, -2]}, "1;-2": {"type": "grass", "variant": 5, "pos": [1, -2]}, "2;-2": {"type": "grass", "variant": 5, "pos": [2, -2]}, "3;-2": {"type": "grass", "variant": 4, "pos": [3, -2]}, "3;-3": {"type": "grass", "variant": 8, "pos": [3, -3]}, "4;-3": {"type": "grass", "variant": 5, "pos": [4, -3]}, "4;-4": {"type": "grass", "variant": 8, "pos": [4, -4]}, "3;-4": {"type": "grass", "variant": 8, "pos": [3, -4]}, "2;-4": {"type": "grass", "variant": 8, "pos": [2, -4]}, "1;-4": {"type": "grass", "variant": 8, "pos": [1, -4]}, "0;-4": {"type": "grass", "variant": 8, "pos": [0, -4]}, "-1;-4": {"type": "grass", "variant": 8, "pos": [-1, -4]}, "-2;-4": {"type": "grass", "variant": 8, "pos": [-2, -4]}, "-3;-4": {"type": "grass", "variant": 8, "pos": [-3, -4]}, "-4;-4": {"type": "grass", "variant": 8, "pos": [-4, -4]}, "-1;-3": {"type": "grass", "variant": 8, "pos": [-1, -3]}, "0;-3": {"type": "grass", "variant": 8, "pos": [0, -3]}, "1;-3": {"type": "grass", "variant": 8, "pos": [1, -3]}, "2;-3": {"type": "grass", "variant": 8, "pos": [2, -3]}, "2;-5": {"type": "grass", "variant": 8, "pos": [2, -5]}, "3;-5": {"type": "grass", "variant": 8, "pos": [3, -5]}, "4;-5": {"type": "grass", "variant": 1, "pos": [4, -5]}, "1;-5": {"type": "grass", "variant": 8, "pos": [1, -5]}, "0;-6": {"type": "grass", "variant": 8, "pos": [0, -6]}, "-1;-6": {"type": "grass", "variant": 8, "pos": [-1, -6]}, "-2;-6": {"type": "grass", "variant": 8, "pos": [-2, -6]}, "-2;-5": {"type": "grass", "variant": 8, "pos": [-2, -5]}, "-1;-5": {"type": "grass", "variant": 8, "pos": [-1, -5]}, "0;-5": {"type": "grass", "variant": 8, "pos": [0, -5]}, "1;-6": {"type": "grass", "variant": 8, "pos": [1, -6]}, "2;-6": {"type": "grass", "variant": 8, "pos": [2, -6]}, "-3;-5": {"type": "grass", "variant": 8, "pos": [-3, -5]}, "-4;-5": {"type": "grass", "variant": 8, "pos": [-4, -5]}, "-3;-6": {"type": "grass", "variant": 8, "pos": [-3, -6]}, "-3;-3": {"type": "grass", "variant": 8, "pos": [-3, -3]}, "-2;-3": {"type": "grass", "variant": 8, "pos": [-2, -3]}, "5;-5": {"type": "grass", "variant": 2, "pos": [5, -5]}, "5;-4": {"type": "grass", "variant": 3, "pos": [5, -4]}, "5;-3": {"type": "grass", "variant": 4, "pos": [5, -3]}, "-4;11": {"type": "stone", "variant": 4, "pos": [-4, 11]}, "38;29": {"type": "grass", "variant": 2, "pos": [38, 29]}, "37;29": {"type": "grass", "variant": 8, "pos": [37, 29]}, "37;28": {"type": "grass", "variant": 2, "pos": [37, 28]}, "36;28": {"type": "grass", "variant": 1, "pos": [36, 28]}, "35;28": {"type": "grass", "variant": 1, "pos": [35, 28]}, "34;28": {"type": "grass", "variant": 1, "pos": [34, 28]}, "33;28": {"type": "grass", "variant": 1, "pos": [33, 28]}, "32;28": {"type": "grass", "variant": 1, "pos": [32, 28]}, "31;28": {"type": "grass", "variant": 0, "pos": [31, 28]}, "30;29": {"type": "grass", "variant": 0, "pos": [30, 29]}, "29;30": {"type": "grass", "variant": 0, "pos": [29, 30]}, "29;31": {"type": "grass", "variant": 6, "pos": [29, 31]}, "30;31": {"type": "grass", "variant": 5, "pos": [30, 31]}, "31;32": {"type": "grass", "variant": 6, "pos": [31, 32]}, "32;32": {"type": "grass", "variant": 5, "pos": [32, 32]}, "33;32": {"type": "grass", "variant": 5, "pos": [33, 32]}, "34;32": {"type": "grass", "variant": 5, "pos": [34, 32]}, "35;32": {"type": "grass", "variant": 5, "pos": [35, 32]}, "36;32": {"type": "grass", "variant": 5, "pos": [36, 32]}, "37;32": {"type": "grass", "variant": 5, "pos": [37, 32]}, "38;32": {"type": "grass", "variant": 5, "pos": [38, 32]}, "39;32": {"type": "grass", "variant": 4, "pos": [39, 32]}, "39;31": {"type": "grass", "variant": 2, "pos": [39, 31]}, "38;30": {"type": "grass", "variant": 3, "pos": [38, 30]}, "36;29": {"type": "grass", "variant": 8, "pos": [36, 29]}, "35;29": {"type": "grass", "variant": 8, "pos": [35, 29]}, "34;29": {"type": "grass", "variant": 8, "pos": [34, 29]}, "33;29": {"type": "grass", "variant": 8, "pos": [33, 29]}, "32;29": {"type": "grass", "variant": 8, "pos": [32, 29]}, "31;29": {"type": "grass", "variant": 8, "pos": [31, 29]}, "30;30": {"type": "grass", "variant": 8, "pos": [30, 30]}, "31;31": {"type": "grass", "variant": 8, "pos": [31, 31]}, "32;31": {"type": "grass", "variant": 8, "pos": [32, 31]}, "33;30": {"type": "grass", "variant": 8, "pos": [33, 30]}, "34;30": {"type": "grass", "variant": 8, "pos": [34, 30]}, "35;30": {"type": "grass", "variant": 8, "pos": [35, 30]}, "36;30": {"type": "grass", "variant": 8, "pos": [36, 30]}, "37;30": {"type": "grass", "variant": 8, "pos": [37, 30]}, "32;30": {"type": "grass", "variant": 8, "pos": [32, 30]}, "34;31": {"type": "grass", "variant": 8, "pos": [34, 31]}, "35;31": {"type": "grass", "variant": 8, "pos": [35, 31]}, "36;31": {"type": "grass", "variant": 8, "pos": [36, 31]}, "37;31": {"type": "grass", "variant": 8, "pos": [37, 31]}, "38;31": {"type": "grass", "variant": 8, "pos": [38, 31]}, "33;31": {"type": "grass", "variant": 8, "pos": [33, 31]}, "31;30": {"type": "grass", "variant": 8, "pos": [31, 30]}, "52;30": {"type": "stone", "variant": 2, "pos": [52, 30]}, "51;30": {"type": "stone", "variant": 1, "pos": [51, 30]}, "50;30": {"type": "stone", "variant": 1, "pos": [50, 30]}, "49;30": {"type": "stone", "variant": 1, "pos": [49, 30]}, "48;30": {"type": "stone", "variant": 1, "pos": [48, 30]}, "47;30": {"type": "stone", "variant": 0, "pos": [47, 30]}, "47;31": {"type": "stone", "variant": 8, "pos": [47, 31]}, "46;31": {"type": "stone", "variant": 0, "pos": [46, 31]}, "46;32": {"type": "stone", "variant": 8, "pos": [46, 32]}, "46;33": {"type": "stone", "variant": 8, "pos": [46, 33]}, "46;34": {"type": "stone", "variant": 6, "pos": [46, 34]}, "47;34": {"type": "stone", "variant": 5, "pos": [47, 34]}, "48;34": {"type": "stone", "variant": 5, "pos": [48, 34]}, "49;34": {"type": "stone", "variant": 5, "pos": [49, 34]}, "50;34": {"type": "stone", "variant": 4, "pos": [50, 34]}, "51;33": {"type": "stone", "variant": 5, "pos": [51, 33]}, "52;33": {"type": "stone", "variant": 5, "pos": [52, 33]}, "53;33": {"type": "stone", "variant": 4, "pos": [53, 33]}, "53;32": {"type": "stone", "variant": 8, "pos": [53, 32]}, "54;32": {"type": "stone", "variant": 4, "pos": [54, 32]}, "54;31": {"type": "stone", "variant": 2, "pos": [54, 31]}, "53;31": {"type": "stone", "variant": 1, "pos": [53, 31]}, "52;31": {"type": "stone", "variant": 8, "pos": [52, 31]}, "51;31": {"type": "stone", "variant": 8, "pos": [51, 31]}, "50;31": {"type": "stone", "variant": 8, "pos": [50, 31]}, "49;32": {"type": "stone", "variant": 8, "pos": [49, 32]}, "48;32": {"type": "stone", "variant": 8, "pos": [48, 32]}, "47;33": {"type": "stone", "variant": 8, "pos": [47, 33]}, "48;33": {"type": "stone", "variant": 8, "pos": [48, 33]}, "49;33": {"type": "stone", "variant": 8, "pos": [49, 33]}, "50;33": {"type": "stone", "variant": 8, "pos": [50, 33]}, "50;32": {"type": "stone", "variant": 8, "pos": [50, 32]}, "47;32": {"type": "stone", "variant": 8, "pos": [47, 32]}, "48;31": {"type": "stone", "variant": 8, "pos": [48, 31]}, "49;31": {"type": "stone", "variant": 8, "pos": [49, 31]}, "52;32": {"type": "stone", "variant": 8, "pos": [52, 32]}, "51;32": {"type": "stone", "variant": 8, "pos": [51, 32]}, "45;33": {"type": "stone", "variant": 6, "pos": [45, 33]}, "45;32": {"type": "stone", "variant": 0, "pos": [45, 32]}, "-11;1": {"type": "grass", "variant": 3, "pos": [-11, 1]}, "-11;0": {"type": "grass", "variant": 2, "pos": [-11, 0]}, "-12;0": {"type": "grass", "variant": 1, "pos": [-12, 0]}, "-13;0": {"type": "grass", "variant": 1, "pos": [-13, 0]}, "-14;0": {"type": "grass", "variant": 1, "pos": [-14, 0]}, "-15;1": {"type": "grass", "variant": 8, "pos": [-15, 1]}, "-16;1": {"type": "grass", "variant": 8, "pos": [-16, 1]}, "-17;2": {"type": "grass", "variant": 8, "pos": [-17, 2]}, "-18;3": {"type": "grass", "variant": 6, "pos": [-18, 3]}, "-17;4": {"type": "grass", "variant": 6, "pos": [-17, 4]}, "-16;4": {"type": "grass", "variant": 5, "pos": [-16, 4]}, "-15;4": {"type": "grass", "variant": 5, "pos": [-15, 4]}, "-14;4": {"type": "grass", "variant": 5, "pos": [-14, 4]}, "-13;4": {"type": "grass", "variant": 5, "pos": [-13, 4]}, "-12;4": {"type": "grass", "variant": 5, "pos": [-12, 4]}, "-11;4": {"type": "grass", "variant": 5, "pos": [-11, 4]}, "-10;4": {"type": "grass", "variant": 4, "pos": [-10, 4]}, "-11;3": {"type": "grass", "variant": 8, "pos": [-11, 3]}, "-12;3": {"type": "grass", "variant": 8, "pos": [-12, 3]}, "-12;2": {"type": "grass", "variant": 8, "pos": [-12, 2]}, "-13;2": {"type": "grass", "variant": 8, "pos": [-13, 2]}, "-14;2": {"type": "grass", "variant": 8, "pos": [-14, 2]}, "-15;2": {"type": "grass", "variant": 8, "pos": [-15, 2]}, "-16;2": {"type": "grass", "variant": 8, "pos": [-16, 2]}, "-16;3": {"type": "grass", "variant": 8, "pos": [-16, 3]}, "-15;3": {"type": "grass", "variant": 8, "pos": [-15, 3]}, "-14;3": {"type": "grass", "variant": 8, "pos": [-14, 3]}, "-13;3": {"type": "grass", "variant": 8, "pos": [-13, 3]}, "-10;3": {"type": "grass", "variant": 3, "pos": [-10, 3]}, "-10;2": {"type": "grass", "variant": 2, "pos": [-10, 2]}, "-11;2": {"type": "grass", "variant": 8, "pos": [-11, 2]}, "-12;1": {"type": "grass", "variant": 8, "pos": [-12, 1]}, "-13;1": {"type": "grass", "variant": 8, "pos": [-13, 1]}, "-14;1": {"type": "grass", "variant": 8, "pos": [-14, 1]}, "-18;2": {"type": "grass", "variant": 7, "pos": [-18, 2]}, "-17;3": {"type": "grass", "variant": 8, "pos": [-17, 3]}, "-17;1": {"type": "grass", "variant": 8, "pos": [-17, 1]}, "-18;1": {"type": "grass", "variant": 0, "pos": [-18, 1]}, "-15;0": {"type": "grass", "variant": 1, "pos": [-15, 0]}, "-16;0": {"type": "grass", "variant": 1, "pos": [-16, 0]}, "-17;0": {"type": "grass", "variant": 0, "pos": [-17, 0]}, "45;5": {"type": "grass", "variant": 0, "pos": [45, 5]}, "11;1": {"type": "decor", "variant": 0, "pos": [11, 1]}, "16;1": {"type": "decor", "variant": 1, "pos": [16, 1]}, "-1;-8": {"type": "decor", "variant": 2, "pos": [-1, -8]}, "-17;-1": {"type": "decor", "variant": 3, "pos": [-17, -1]}, "-10;1": {"type": "decor", "variant": 2, "pos": [-10, 1]}, "31;27": {"type": "decor", "variant": 1, "pos": [31, 27]}, "39;30": {"type": "decor", "variant": 0, "pos": [39, 30]}, "58;25": {"type": "decor", "variant": 1, "pos": [58, 25]}, "67;25": {"type": "decor", "variant": 2, "pos": [67, 25]}, "62;24": {"type": "decor", "variant": 2, "pos": [62, 24]}, "68;10": {"type": "decor", "variant": 1, "pos": [68, 10]}, "74;10": {"type": "decor", "variant": 0, "pos": [74, 10]}, "70;9": {"type": "decor", "variant": 3, "pos": [70, 9]}, "49;4": {"type": "decor", "variant": 3, "pos": [49, 4]}, "55;5": {"type": "decor", "variant": 3, "pos": [55, 5]}, "51;4": {"type": "decor", "variant": 2, "pos": [51, 4]}, "46;4": {"type": "decor", "variant": 1, "pos": [46, 4]}, "45;4": {"type": "decor", "variant": 1, "pos": [45, 4]}, "29;-5": {"type": "decor", "variant": 0, "pos": [29, -5]}, "26;-4": {"type": "decor", "variant": 0, "pos": [26, -4]}, "34;-4": {"type": "decor", "variant": 3, "pos": [34, -4]}, "25;-3": {"type": "decor", "variant": 2, "pos": [25, -3]}, "4;-6": {"type": "decor", "variant": 1, "pos": [4, -6]}, "-5;-7": {"type": "decor", "variant": 2, "pos": [-5, -7]}, "1;-8": {"type": "decor", "variant": 0, "pos": [1, -8]}, "-3;-8": {"type": "decor", "variant": 1, "pos": [-3, -8]}}, "tile_size": 16, "offgrid": [{"type": "spawners", "variant": 0, "pos": [279.5, 230.5]}, {"type": "spawners", "variant": 2, "pos": [491.0, 171.5]}, {"type": "spawners", "variant": 2, "pos": [188.0, 171.0]}, {"type": "spawners", "variant": 1, "pos": [470.0, 171.5]}, {"type": "spawners", "variant": 1, "pos": [763.5, 221.0]}, {"type": "spawners", "variant": 1, "pos": [904.5, 380.5]}, {"type": "spawners", "variant": 2, "pos": [814.0, 443.0]}, {"type": "spawners", "variant": 2, "pos": [775.5, 443.0]}, {"type": "spawners", "variant": 2, "pos": [569.0, 411.0]}, {"type": "spawners", "variant": 2, "pos": [1149.5, 124.5]}, {"type": "spawners", "variant": 2, "pos": [842.0, 45.0]}, {"type": "spawners", "variant": 2, "pos": [740.5, 42.0]}, {"type": "spawners", "variant": 2, "pos": [431.5, -84.0]}, {"type": "spawners", "variant": 2, "pos": [504.0, -100.5]}, {"type": "spawners", "variant": 1, "pos": [484.5, -99.5]}, {"type": "spawners", "variant": 1, "pos": [42.5, -147.5]}, {"type": "spawners", "variant": 1, "pos": [-36.0, 75.0]}, {"type": "spawners", "variant": 2, "pos": [-199.0, -36.5]}, {"type": "spawners", "variant": 1, "pos": [249.0, -3.0]}, {"type": "spawners", "variant": 2, "pos": [212.5, -22.0]}, {"type": "spawners", "variant": 2, "pos": [-242.0, -37.0]}, {"type": "large_decor", "variant": 0, "pos": [333.5, 263.0]}, {"type": "large_decor", "variant": 0, "pos": [220.5, 247.0]}, {"type": "large_decor", "variant": 2, "pos": [38.5, 137.5]}, {"type": "large_decor", "variant": 7, "pos": [-116.5, 95.0]}, {"type": "large_decor", "variant": 7, "pos": [841.0, 446.5]}, {"type": "large_decor", "variant": 9, "pos": [698.0, 223.0]}, {"type": "large_decor", "variant": 8, "pos": [434.5, 173.0]}, {"type": "large_decor", "variant": 6, "pos": [-103.5, -289.5]}, {"type": "large_decor", "variant": 1, "pos": [-287.5, 7.5]}, {"type": "large_decor", "variant": 1, "pos": [244.5, 22.5]}, {"type": "large_decor", "variant": 1, "pos": [538.5, -56.0]}, {"type": "large_decor", "variant": 11, "pos": [787.0, 50.0]}, {"type": "large_decor", "variant": 11, "pos": [136.0, 18.0]}, {"type": "large_decor", "variant": 10, "pos": [141.5, -35.5]}, {"type": "large_decor", "variant": 10, "pos": [1096.5, 116.5]}, {"type": "large_decor", "variant": 5, "pos": [919.5, 291.5]}, {"type": "large_decor", "variant": 4, "pos": [493.5, 320.5]}, {"type": "large_decor", "variant": 3, "pos": [-281.0, -73.5]}, {"type": "large_decor", "variant": 0, "pos": [479.0, -71.5]}, {"type": "large_decor", "variant": 11, "pos": [516.0, -92.0]}, {"type": "large_decor", "variant": 10, "pos": [800.5, 12.0]}, {"type": "spawners", "variant": 2, "pos": [-72.5, 75.0]}, {"type": "spawners", "variant": 2, "pos": [-33.0, -147.5]}, {"type": "spawners", "variant": 2, "pos": [712.5, 236.0]}, {"type": "spawners", "variant": 1, "pos": [513.5, 413.5]}, {"type": "spawners", "variant": 1, "pos": [1030.0, 365.5]}, {"type": "spawners", "variant": 1, "pos": [980.0, 365.0]}, {"type": "large_decor", "variant": 10, "pos": [991.5, 347.0]}]}